USERNAME,PASSWORD_HASH
user1,a991e84c62a25c5a972f67c47cd81f31063c2dde905a8428977b0458073465cd
user2,02a3e1fc659a693124e09cc25a8b49249e126cbfa0dddf8f45d4dee4895bf81e
user3,503ae5403efc54b676a4b551f30d9439e42aa4c362e8d21dc37a4250cfa19e17
user4,f4f08752af7e13674acd6ec40c91e4eb069e7e0e92cf1af5dc34876bf26364d9
user5,8c55ae6c438eb7bc74c65aa600e4bebc93c61916b9f3eb2977b414fbc551359c
user6,f1cff19d391ece0c73a5647ecdba9eb87b15c63f7d2b7116bfc773e6ee52344a
user7,7c33eef555ebfd3fe805d1e44b058bae852b191939297bffff78ffc2b29dd9f6
user8,e842b2b00245276406b4feae75355d1721d92f0269044a58eff8149b29de82de
user9,b8afb457ed08ad91126d628cafda8f8dfd5d2a0b270fddf3c255345c264a45ff
user10,b8ea280a518d1b835e32564f18846274e2a3ba6fd38d1562647b0f693113fa1c
user11,922197c7482f2dd40727759f399482b085a3b3ad79c1d61cb6c96163f42720b8
user12,41d0b37c0667da36948f2822e16ed54692371bb846103968b4bb25e8c7af8d54
user13,27ad6f0e72ea55c1675a824b48d4558d70d442b37e4d0750fa45c64e28658769
user14,f09ce8610dc3035e35ca718c7c726c55745e70cdef47bcaa0d5b91a36b0a5ee4
user15,f5b5709027e5e61970411edfd809dd8fddd81049b9d5c5c76e0cad1076b995b8
user16,123a9a40dc88c6079b3b6e7da4ea21383a8b613cde19cbf3cedff62f87c5fdfe
user17,cc01fd786df85d79703621b3a790cba974e723ca826fb05fb77eb47a52c631b3
user18,8f842a2a963ef72fdef48cba95ad2136cb87e03e754a9ce2ea0ddbf9c96bc518
user19,5b2254372b2523e8986c22776dfac4fff8c05c52e80f43dbe41c23da225c74bd
user20,e008472366b06ff86d962f0508480fe71be7353c4a3db727fffdf6f0faecba27
user21,00bf608f9c22392448839fe055cead3b6080828a0e23e95d4e627428b8848ae7
user22,d61d04b8f5f09a28f455efd969c5d5eb276f0244dd8c586a00294a7454c3a45f
user23,e67545803fb8f380b44b82ed0e7956eea45f5394b62bf28c29dd2c656bb523d2
user24,539e0ace65086d9e4972ec84f1bef17887b68731c0fd8cdb6504c7f7e1f7804b
user25,948ebf753654b62fd699aecc2b41dd4314d8e8387e1448a7694976906acf218e
user26,617e99e7702973f0511905516d7c759f8fdf53bfe43ed2d2d0365001c863412c
user27,0eabeba7d7156e9b58f601ffe5c6150dacdf800c405fff1c46835ddfa01176ca
user28,f14fd3be187ef8be5ff4747432d9066fae400078aa4c154c05390f180464e9b0
user29,251810bee8be997ea26388cdd1f07bd78417d619fe1cb1760ea2e834f80335df
user30,6e44b842580331a004d46410eea0348c3172eadcc144c3d7535e82d60aea8c74
user31,63a08d9376745d4086ff0821b18b4b9df7c9f2c8b2f34bc362c7ae7742a55062
user32,a16063f29bd559e9de012f89811766c96dd58bf17c68fcdf872bbb58f076ca86
user33,1e3fd8e0f9b70fb9d4f68967302054f8a066f339f3f8ae961d74bd5005a75a0f
user34,ff559802921e5dbddc5420fd1ac9f10b09a928e29506d89454f2f73d1564241b
user35,fab71204102f0af042d8b5d8d23bd0b8fe5df859b493b433ccb97785807e69a6
user36,f26448ed6831363592892ba72bdbe015bfe01c5a81791f5ea350e54634d6a05d
user37,3a0f291f6ab114bb66f24d7a729bab433e1ccef5cd4bb35357fb4f41307545b2
user38,3afa2225b0d0f4709fdfdef8c48ea54eebf307275603e4d04fc2cebce08fa2af
user39,ee3b99845674bb19df600a96573d6a4496b73b7f4afc47d0a49063c91a03a691
user40,0e983056bfe11feb151d9275eb259b741a0ea4789c6b4a39206f0608498c7823
user41,cbc10409b3fa242ffbf53767b4cdce80b8d5635016b404e13c58294b4ddf0c4a
user42,103063215ed8efad081e4b1b7d8ad1e33069930615b7098aec3cb6b502a40553
user43,eb99e58bfde9a1991242aba74f0a6893e57979889dcfc8340d97867b29e047a0
user44,94f1a162bc0f7809bd5335eb568baa2b1e1263c7f816f6bc6fbae8386b29147e
user45,84e12678a4106b652dd7a52409f872571d3bc2ee7f590c0c83f331e2f1417d76
user46,6a3617e358f78d330cb0e344781a17d3698e280556000a85d51ed91226f5d704
user47,81c87bd9579f169f943dc65d6db01eea28c8dd743a56c98f4cf6b4c9a67c9d72
user48,d589d6d7446940dbece170adcfb0b30326c22aa233ea356e4964fe16cd44e213
user49,4d99ffcb59547b6282189f4ff1140c8962897bc8f96d02656224df453836bf3f
user50,a6f4fac4c8519587d2d98702fe2d30c772441b95e04bf69a61853208aa508e31
user51,b9bc9df9e843a692fec0abd106d672c06ce0db03b6381fb618c74942d15c8acb
user52,8f79ed351096fe8f8ad679ce671383db2d6f25b730a0d41fc9a5596e9fe0451f
user53,658c674fd9809c44c36483eb754f82077d810ff5da1ebfac0f39d225f78a3f0e
user54,f95349c35ee7b5a671e93fbd2825b9cc2736719f81bc371489139520b4114e52
user55,edd5b0d6f2b65d3685d85e56e0a2c48e19b9f5b6b79078fdaa5d95d8955465c8
user56,7957e25529ce8df5dba91ef654f96a0c2e36b417093916c0a5e8190c437fa316
user57,f603168677b4fc306938fb093141f980f950e78f20bc0b84b8266db282a125d6
user58,a190da234445a7c25adeccf0a0b3335ab1e1410b52c4163049d768f95b5a3ca8
user59,e4e57bffc6baa19c20f761bf0d356231409f6db6cc2c44f466ccdbef02f31753
user60,45ede23c57c858c49b5b0efc75af1945b9381c56948a1dbc481614a8b8656460
user61,dc7109cf211ec238dd98d5c317bb6b5e55c1cd7b51a85e3c99dcf87c5c839ccc
user62,f1b45a3f09195ba971fb61f4d7a109ebb34e2019d1e982586ef1862d905a04d2
user63,5cd8905711084dd32159c60e6784a6a436380c2e45b6be1a7ef0926c510541a7
user64,e3bcecfb93c4e1ad95e8fa94ba9fc4fab7b67bc1ab8f8eb539d7eb9b71200baf
user65,6ab1db8b51386d7d22ad4afd72733503bcf254e9178f00c126e8e9a60399dfd0
user66,11845335b849ecb8a3c2e41f16a65aa8cd29e077ea58f40c0f08a04b7e030e9f
user67,76838410fe9ff7a508d97ebdeb1099421519461d5c5812463f4282498cc95cde
user68,d317823980db13c5d962d6dd4803deaddd47ffcbdcab51eb7495538b2581324e
user69,a63a629432528fbf0395bf2f8a52dec2429aead86379448a75a9332544308d8e
user70,58a211311009515d469ae595307c3090c58ae62a6836801ff14574b096749b18
user71,dfa4e211ae198c81c0e5e7b98070d17fc1031977f777e0a39098809e8ecfe730
user72,78a07e3fb0f29ff08eb18c699b0ec6d3134edfae12d03e9fbdddcf0f42247818
user73,936d1d5a768ed4d30280dea98720f727e2875c030cff46ed2a8a26ae066a12fa
user74,790f3dae322f391638a8d7fdbd37c6c23c42bdd5192c3147ca6fe499165329f1
user75,bf3af5596b017320283a79f2cc4f770fe6a69fed09730b52977c181966afbbed
user76,2c438a1119f996c4cefb37c9aecdd3cc5a559d146aed9272486fed0cd6ffc551
user77,0b3a2e6b22974a56f9bf0edd8a85d9a9cd865b12b91486529b485e7c26dd0def
user78,0ec9b41c7ae2133110fcb52cf0919ede1d1b65f4c0d0ea90b4c0cc7d7dc83651
user79,f1b0f11f70626ee207e6316ed0bcd15211fec889b4beea200ac97440d3523101
user80,383b188ca5f2f765fe7d4e84f673fce7e26cd491d4ae54dd2a6a8eb378878395
user81,076c20eac923b2ad202468b52758abc229a9356893a1d90d81477f0ea9986813
user82,adbe6586535c52b68f016c0af8ca1e6e8f57cd70787dc82c29584743ff1b7b59
user83,8df83b80d94d062ac69b96759ef9547a92c5e1d3cb270b70ad804112d278984b
user84,f84fd2a325516e1a45c22bb93163f44487e90e3794d34fe3a44f0cdf9886e444
user85,3997e4a9c166e902cf3eb4c341b4d36d0f30ba6fb715df1e73b97391a7bc4d50
user86,66ec15d87d4cebfe50a4ebbbc64bc9d23421e63a51243d61a6e119dd6cfa0776
user87,4146d63e3e55aba20cb336939f65506ccc70f8d020786cc59f28075dea9012b8
user88,aaf098df9688fc6637799e9461e853c8c9bc9ef30da5adcb1a4bb11d13b228ad
user89,6d05609c16c61e2328c8864004aea4d33a4b782841b0da616d660f1f5fc59d59
user90,45a07b1e6216200732affd01a8913230e4e0cdc2ab2fc11c64d671769cc61c39
user91,706c139fff626bdd52bef0f19c3c883ec3ca38c5bcbb225a7eec839b0f86a237
user92,b0fd7e881d30e9afccea49d6091b8c1613708b0d16b6c1f33c7f2021fbb5ee03
user93,b9a8d0f0e641404489f66f2b89c065f582b51abf8a31399609989743f8799613
user94,45ea9f98d516c609f2ed91eac3e35fcd564e1327d6f81da918d8dc178bc55c47
user95,ab881be3c554e2371aa2aaa6f74605ef24970f9c0fffb3b2e784e6d56af1616c
user96,7b392e7769fbb68163f047ed509164a7c0d439daa1a1631af373c57ec9074aab
user97,f84ed018a5bd19e857e9d8b19c6072d1831c97c18a5231c96b4b17637000c01f
user98,fccbfcb467233e0d422e590e4f23d494f15034c0f0428278073c7dee3eaf675d
user99,92a4c38a841deb3d7aa4714d291ece794aae2410b3a1ed2af07dce6b6287dbc6
user100,8588f3975858f22ae117228c1dfa515adf73679f28debc6dd2df58bc0e516e9e
user101,6a2085168e2877e655b49046832e165180ca948638efdca39f7662733fe039e9
user102,fa470a21014867653f4feebf570451a4f6eb151e0eb3a98e67dadb2a2330f733
user103,0707deb96ee0c83b2df2a2de406c35255cbcfec6753807750635ecaa599b2b0d
user104,d25912716fc6d4ce491cdd4e3cc10369b7d6c98c7fc06471e578202dcd364bff
user105,4e8f72754180436fe190486ccb5870fd29949348c51addadc816e472c73d94e7
user106,714e7246876b5703564aa4087a2cf4cba36b019629a49a5c52f10f2c9f39e7e6
user107,2ea6e15161c82d47adb11a7f868901d2b2f1c590ac7ac9980d7b577ca775b650
user108,fabd84055f045a45f017b9433bdefcd440036f6772e9a5e9f739160168d25177
user109,4011819aabd6ff41d768d7400daad478509444f3b86831d71b04e7dcd7b6d987
user110,3c94d9bc31911732c19ed07f83c89bfde97bc385a915c7668f21b875e86af570
user111,5753435eda1037de315e6b973c92d6667725a0e777f86bbb9efa0ae0cc21c1e3
user112,063cce6f006a3295ad26344b45abb05352eb6cc601e1458a54b33a2997f57c91
user113,f9f84bc34e946ebcd09cead6519604712f6d24248c02c284ecf051422eb3d9a6
user114,025ea0f02f4c8d4b0e82f3e5618afe396b1e4eb815c244f40fc2337dcd19ccf3
user115,b9b350160458ef4344e2174607c2fedb3f5debc03702555d60b88af23a68b549
user116,78d115f88c95a9e76e66ef515b1a5659322ff7974f5189d4d56a3ae9858ba850
user117,5e333e15cf0c6670a9e5cd46d1bd7f85c95db265a09031bc1b9dff6e17d49acf
user118,75c86c958423a86c214d8342aefd9a8e0394cf7f564443acc8859e31b6c35173
user119,09b73a6f84c6a8cb9122f49fe900f50d0e7cdcc7fd62b4aea46e1be5cbab50ed
user120,fd71eb57c5417161b53b5129d67f9d6949ee7d4ff164fdd5762b8319a718cd0d
user121,bc770946bfd8e372d280735cf72cc7eb09bcc569f39526fc151b3183b688db67
user122,10795214b9c9164cda6fc8eaeacead165353bb8bc0207434d340c19a51217f8a
user123,55a5e9e78207b4df8699d60886fa070079463547b095d1a05bc719bb4e6cd251
user124,5bbc0ec9815106b520475fd75f82c4b25e8d509348764255ad9563e8854fd5b0
user125,04ef5540410010174c2075c3cdb8771634b29a183f1c19142fc74f6a875f26d4
user126,4aab925977a0d762152a8b65bf8fb2fef564536da3609a5af9230d3886834299
user127,29c3bd75d81a9f85338b9ef4c256dd3050f025a7f78ccc0d40a00d04180a0d3a
user128,2268b2db81179c841c35ebf324df81d202d55cc1ebaf5ae1e85bc537c399232a
user129,b4792e3d41c93996dd9d0e58694124b8de628db941ae9748c882b902ee902328
user130,30dedc2f5dc9a3f5da6a86ecb605b5eddc132507372edd25841c52e731083ad6
user131,dc00b8c3d4bef53ee669fddf765290121925e060db668063dc6abc4a37076189
user132,16959664a4e04a1f02fbf1464bb2358c7d9b0bc6bf94dae9f826283475a43bc1
user133,43c64120121e91c8e40dafda728d91b5b973718150bf0c05c99bdfe6adf3501f
user134,6b959c543274b75050e1292f91869cfcfefb41379ef337eea9f26c21073483d5
user135,e4f558ef501eec1b355332dd0319f2fb0269d3e37088426d7b07df8ec8cd0e37
user136,cc50770a9029ca09eb892003942894c52c603da4b09dc3e05918cd2c3ed4fd06
user137,c5bf9c1f7e11df9e58bcf83a6e804c09a2059accd88db40e8f68458908a6c31a
user138,98b857b8ebdffddea3744d2523b35666fc802dfa676d0a2e5ba670db0a899b0c
user139,d24fedf8e46d30186ae8954595c662a9d065410cd5105a22cae5492c87406736
user140,16b80ebb40bc816903f952ea55815471fb31bdad88ea5165991397a730223d31
user141,a214bc5c767cc641eab6c2451af5eb63cb58d8966e1a7363fbb5dda6ffd532ec
user142,02b0de1d6a1be8182911d50d0e1d189c4960ca55f940761cb73320576eeef2ff
user143,fa06697a1c56a425fb0f36f4a1d13be92378ff0f08231dfaf5cd352239223c4d
user144,5c305de7dcf51bbb46e2b7d4ce12ac3af74f565db9e91c7319a30425ea1d21ea
user145,3b8a8ae09581cd8bdf5e9e119dc2729991028c17d384f03d79697b9d5451774e
user146,a87260b6f69d1d567bdaad86cd0eb52b65cdc12d0b57e3efdaf3fd6b04d9b0df
user147,4a0ea7deff5886024fc92b01841c0c4db644e0e1b9b2cf2f18c85a3940b99c67
user148,c07b349bd86edba635b46fb69c3120e75fc236d451f2b67a2244f787f3c24039
user149,343bcb8bbc35439b97afcde6a7cc8a43656265fb7f522b909a033383269e7720
user150,39782c2c42a57bec3ba53fa5043d4383db0a3c8fcc962b0bf0b605fb70f4922b
user151,ac41ce04aca39aab1e7c9104481816f3a310ce7f679ba5c99fc93b75d4b2d829
user152,3fb71a25455389ade902102a601a5ce6544ba3ecc8daf331f5cba80c0e8671f2
user153,7884d71c7cb8ee37c7a3477a2bc169c6261203484ba5abddb67612dd4cf73191
user154,ee17ef49a885017b9e46fcb074d2404cfcdc1dede76f7490d073de0d3116e5bb
user155,0aab8e3bfd4469bb74cb767004e9764656c4cdaedcb0242bab16df5ee0a8e9bb
user156,fd24d4db7c2e63abb9e3aefcf9083fbc102d754babd3cc978a84889259c5ca10
user157,0fd770e4689c762cc8643d16b13e9381559a5ede8bb9159edd33885a67f5427b
user158,5a37de8a338095235fdbac43ed8f5dd66352687a89ec7afc67b4f433119ad705
user159,ebd3e0855abd39e87818caaa0842c7769729610aba5383db8bf0e080b28d3c58
user160,01d40ab4563cf8867bce22218915d6fbb2fcf73743d02719b613245f536d7d55
user161,03c91432d1d0d8c6321f87be59f579f9795396aea5c931b94b63d892ad99eb2e
user162,71514f16c72710389727d461405a7fa264ad8f26ecc316d59a4f1746a8a3b3c5
user163,4a3ebe84d6c4ef1de101fa949c48e36761e862212048debca52c1f56f95dd7e9
user164,76809ba76e27071b07984694c086fbfe96e05a3e5972df3ffd3ad21e67f3441a
user165,26f8a21e4fd91e70af8c9191ee2247fcc2fa70e8d4d002e64354f0e12b86bf7f
user166,d5dcd09a57d108d92849796177f580321f3f041d7d0fc8bcc55a09c90f1f2c6c
user167,e2fe94a6b8e0c6e3eb4468f2f41efb2544e39f89e75fe2b023e7d95801a13c36
user168,d60f4284b3371d77fa4209c0568cbc4bc98396eb1d0e177d1c8bc82181f9e282
user169,393f76861989932af59802936b225c1ad86e8f9842f92f9a44a5826fca2b71a4
user170,71d34df6eb5d1f321c1073085e483cf83473c32f26cb4b679df7f1b6a94dd59c
user171,41421a74b0661fa199e6a7292915635c8cb3dc729c74f32276821f11e1d71ace
user172,6efc7b1ea43fcaf2d346bfdc210d0f3cf87cfeafaa42ef4b3b4a201aa32a9a93
user173,2effe29b6637c5ebb0088326a00bc3d97f70b4812309ae809135ee9aa44dc1d3
user174,e693e166efecaa8a285f0f2d63208bb1217a5123f726728058150cc3bc457c7b
user175,ef05e4d0667422380db12689eeb072249199867654b15ab9a05a34f4b75efaff
user176,4dd875d2fd6fdb3d6dfff963e2291508f2f7f912dff35d9088e35cb081efc3b7
user177,aa134f2a023c46022c038bac8bebccba6d77bc2dd8dbeeb26338cf54d6c724b4
user178,b92646c7a53f3a68054f148e492aa545ccb8cda536e962b708c133d036a598df
user179,e7314c05d97c47b245c2d19bd2b567f120c989c2594a47a76fa83e1760d53f7d
user180,c4e6754e548d85dd722e8865ee2b303d7c0e971ce71d978ee9cdd54a8e97b112
user181,eb03e8a418d747d37943fa3dc86eda9d140735b01c80cde2c50d0dc5280ef75d
user182,db01fe93952fe741ba69e006741e13e019701e5d2d0cb90201a2358b60e67c5f
user183,8a6a21b9560ffd93c20b9b163971a8ec598e37aa988d686d0671579007c19080
user184,447afec65cbbb3823d38e22337cc3c4bfe4f8e8df6b2f6d584362eb5da8b0f48
user185,ac336db8f7107286c2f628600c5c7705df98f9ef518704ed49a7f3157d094011
user186,888924bd9eef8debd777de048db1486e7ea4c47621f0bd1c3c62e80cd02f7d83
user187,bbeeb61379df7f39ceda0042da1e453a8d02e1c4229d34be7d990fb4a35cfcdc
user188,6442b8758d138ddbfd2ddc85c094083efc045afd4b6994689ef383836685bf7a
user189,8a2e7f526625899c5a679103660c6e04fe30ce3892c4ec8282f1ce5cb9120bd3
user190,a4ee095ea8d43d511b1f8893e11e1ff3d5db86e0d5cd84abd682f1b6a98b4913
user191,7bec306922b536a3d02390de64d92391368bad662a52ba27b5098e10fee24dfa
user192,12fdfd75f414794ae20cafc2983bc125685c1d3cece436bdd4812dbb65173f3e
user193,538036f686f5d1af2422b5d53b51330a0391145ba113ecc64c4d1c4940d2ba66
user194,65b4d5ba348b9482638ddf0b92b1be4d641d48fb8ed24e009160f303a214473e
user195,d488254df6fb6e457031889c3e2a8aa903b1a40862803c9add5160db896334e3
user196,7f56c19b01edb7869ddfe6fb69dc9f87fdd9dc86381c28ff9854b5bd88a79608
user197,30ae172c899816b396d00e6ec54177c9ddc2122a0f94b09c8db0b40589264e41
user198,17bd798b29a45fe21d947a1b2d7f8c2d079040295cbaabcdbd21bf5e5deaa081
user199,37136b2c492c4b62450d201bccec9b5929bf603ab00762decab0450740da937f
user200,c250a3d164c019431ec4c2830db79f8d86af3705b6e6af06a4d60c62c54bfd0a
user201,40ae449aa3aad318d8ba6cfa4b80cf2b2ee25512525d47f2db85afda2e0135c8
user202,a8117a3a76bd3110dfa4b46b3381c1489513c1d2ab1a634f5f1f73346dceedc8
user203,8fd786891138fc1bff46a8e2dc03fd8740258e6d448878e0d607f4bc326dc82d
user204,a7f188905344187cdad5c0830fbf40c638272f023d85934a736be9d18a479268
user205,66d57a69b9bd871f7e8307ba842bcb31f557f116b15dc65850a9d6c9a0909d7c
user206,a4c149d3c51fddf342bd5e918e4ab2dc637da157c75025e1dc67eabd1ae7f9e3
user207,4e0d0fa73c8aaf9ad2fcc4b2e613af981170bbfeb14c401143e0c014434806c3
user208,ab514ee90b5ae2627e15f642a9613c00a12bdb13040a4092d96e2d9f10c584ae
user209,3c659fccfaedf2e6a4ce78c7efaafe95309161d735a44be2160e703167b403b3
user210,5c941cae4b176c8917e8c4248292f72c90e18932a52ae678f3cc89f6caf99811
user211,9a0283ca9ce52e9b2034fcd4c1fc13e16efb62740f55a75aaf640ad7f3baea14
user212,f0538b8a1b179424134f4b93a15b831f6fddb86dcb29ccd8cf4827f216ecc1cb
user213,23896ef6c85688d496aac081cd04eaf2d2830e6d990163d50ada25eff1973e7b
user214,a6c28cda57e401788cf9bd97634bcf0cdfaf3f890ba5fc858b3bb0ef3949635d
user215,c295223e3d6d6a73de0addb824a3ca875321e7547e31e1b0b4169a43cee68feb
user216,89000719154cfe5539e4b4d941a81c783b9a550607b7ffb9c4ea6c16e472f6b7
user217,a24b0fb9b357e198c498f6ee5047535e1492ce53159f69e59ab0a1f60ac76c34
user218,2089fa44cd2072772a09f4ed3f3b4e9c942adf0656eda82e180b91b608b61884
user219,a8e27ad511995433128549f09759c57fce6a171dd6ac393d8d88595ef23977c6
user220,03e04801258aa605396d3b24fccac9e8ab1f5c0628334fc4af1f57ec04ba0d86
user221,ee09be30908a0897b4e0331c6e26edd2f8393ac1b2227521ae7aa8ceda3162ac
user222,3728c52c050f2c02b1483bc17be9a78c8b1176cf96b2926aeef86fe32723573a
user223,70a045af6a22f8f3570e3abb5543ff9e12e405e4f54f7f097729535439eeb1d9
user224,ea081033a6952a6e9065139211f4271d185659a6bed5beb7f9631eb22814355e
user225,59f2b7defb34b2919df35d229f10906921b9a76791b6dd3118bf61440c15d113
user226,2ead0eccc3d696ef12802596488a3ed8d90f3566f58a7830894ecc7e2730e180
user227,b0aa6e94bde0c68dbcf2c0a36903d37cfc80d803475b8d05175de9bc97b48a8f
user228,34849ca0fb910f2fa6206923cf0b4d81c834ebea11dad55471e613243d41b571
user229,2b2bc262e62df033fef51c2c9077916aad914ce24be2df0de09c986c277c7ec5
user230,f24d0f4253befaaa606514d93d89e713d987354f0ef435a2f2bdc68b30aa5e48
user231,bab05eee973506176d55ff4fc98a98deca29b964ee7831c2a9294d2e0a732388
user232,6ce8dfafa861f2f6fd7c4a271c8386e26fb2239954a66c2cc9102212914a91a3
user233,249bd0ed32f2b8d5bec9d93d6a4ba3144b3d0d1fe8a7d908ebe9e5c7c3b5b5ad
user234,f8d1e1cbc3da251e2c6ed30bb5d8f02e24e30e6945c4481f6f96ede265c56344
user235,c9b400ed5dc007853b864354a1b5149d6b292c47d7f20ae2f39f8142c7626bb4
user236,f76cad571c6a07a54fbe5999c7aa9ac70d7a3d487d7790cc7eaa0e554b90604e
user237,7cf4b7dd2844cd1ba0b5d802194c674e5d25348893e57c08676045e1221da6d2
user238,763b63de020b6e6c762395625e875dfe049da09c509da5c73909b612ddb1fa80
user239,feb220079a69fc545c807fc4513bff021022bf2af616bbd7a564fc102c8511f9
user240,2e1aef8f38fec0618cde010ff32b7734bb7758464cf46f50e067a17c3af10d75
user241,d4c7a76618086ea0bfbbaf89e1b13f439452ade2e616e49e35718407e702306e
user242,95dce3523f98b08ac0e7d3d712e544ea3bbfd0eb79fb1e2a779784c26575ab34
user243,04152d54ccc5d1ba7268566e99f137c2336626f19e64923960656217ff56e300
user244,4be109d707b5a6597c23d98f4742b88563bf326e692bc46fbc55b4cf2e5e3050
user245,1439ef41008dc19f8ceab1b3e774b3a6c190eca0e3b4bd594a5d03a36e92662c
user246,0b1eab8d257ee3897408df09cb2af39104b90016c92554f06afcd358b88e2412
user247,27dec75170991db5df5729b6e15739b89dbb1a0c9695ad1d896d397653b41f66
user248,c6a0e9875817955afbfa2f12c7c2c2475caa2fa65dc8994c7bc90a7945aecdb4
user249,e0c2841d1a77a1e26d20ea7cd524ff1d2f1840f4c6363bb7117f582b231bc640
user250,f1da951001a553327e1b62a4e352f2c14841ddc7d8ab198d62b934765396a056
user251,ec88ff98cd86a8c26e126c45bd6937b17fa5a5bae479a115ac3948ee68e1fc99
user252,0e6ed2ed24477c6aa1e03603cb8111cd213b13ced5ffea47df85d01f23b9479d
user253,f3d53f26c3bc01f363b1771bf5ee36f2f0f82b910a89ff0b6786e320858d0e4d
user254,155122c0448f434326ba3910c1ff58973a61b316daeeda3e40a8c1afcc67fe85
user255,9a4080df7ebfc5078b2b6368c86fd196a85dc964c7d3c262ccfc2b8d4887d63d
user256,3afb642ea6b0293572ba3c69cb70088189a7f06c6723c827c3cff2e85a7f0226
user257,2662b46049b890d7e141403796c88a1e3e43776cb2bbe02b31ac03bb03b312b8
user258,2912e0a58898304d79a6af9298e7c676d47fea5dd1983bd25a03141430615913
user259,14ba926dbd33d67a668335a15f5e8762d6619a9b98a5e44dcecdf53fade37903
user260,c071114ef1377f6c7ad9746aa2f0c9c4d41709f002e6a804dbde03de6d9fbb30
user261,b54ab17b55785692add54513a320809ce573dbf97eb21284629d3bbb48feb859
user262,68712a262ca71a0fe253e2cd502a211ced3fd9559b0180628ffc4c336e7ff4b1
user263,76254eec987414ef43155ce5b0585529910129a72f551ed0c0fb0bd5c73da2e0
user264,a91e802c2fcea41c03447579c4f3f970ebda1ad2d97f1f731147d355aa93f16a
user265,9745cd717fe90b955a5bb6dfad7467eebe3426a01d11f5e8c97db716465a3fb0
user266,4fcaaa18cd12df0892e9fbaba631d3a0528d66ae87da20a99ef46c4340ff93b1
user267,f9f1f6a9d37088243fe3ed8668e34e036fd49b452a751b81aca0b9f7ffdd68c5
user268,ab12b0ec6e99c9c85aa5d4d4298e71efac4778125b38fe5b2e236166cbf8b8f5
user269,2894b60299e9746b1768d3bee611d32e2fcac034d8ed8d0abdfd4d33cb87fbc7
user270,e279347d6a7807dce38dffb6e8004940bc88fa30606b7936626d1085b723caf0
user271,79e0483622aa481117391ed5fdcf631fb81dd024832a5d52bdfea899aaf3df36
user272,6a4b388b3dbef99a400b926b2b2321140bada7b83d9b635dd8953925ea2f206b
user273,7e8d50743861c6993f0b9ac3c35cfff9f676e438b5a56d57867accc2126a0b96
user274,3193e5ca978f55ae5cf5ef1f58db31a648f1cbd2175fe226817bf46db054b8d6
user275,35241c42d6be7bf8a1a650025ad26aa7dad1aa7da7f8473b69ae2a36e525a47c
user276,efe281c2f8a37a40b3aa0f03b8ea42277d6634addca37bd3429464d9fd385483
user277,385723abae2d53017771b693564f75a49fda4ba037bbbc6933d336ad4c9a1b8b
user278,2e149851efb7ba0a822067e212c3dfcc35de4002c4852ae4b69a5aa5f78f0b4b
user279,e921c5b3009c470d7b8c88aab51d873970e153b0fb1714019e0b0ea39995f21c
user280,8c0c3462c5d0b7e80d5c61f19c3e9339393ca0b4c1793a84768ab72dfe232d55
user281,8fb2dbac8796823c8bc72efc5e78a43a1ce6ed00840847ed66b76dc27d7f7440
user282,b1ea7a4647578ecabaaf5ef59b12f081b1f5e05c7b394cae9fd56d4e69bf7cdf
user283,8570ca889cd0f0307845aff4a49d6777d3a61b28c5c1113c48100f748ac8577d
user284,02bd3edad533b566a5fc2f01a929ec6806c94ecf58f6ed1bcf7b5b8f7ef93a8e
user285,7aa1bc5ae0d4eedbe9329bc2ad07dda6114562c58446b889a8e6fff77ccccb89
user286,d37f8f799de69a05d69b4b3617fc3878dfa5a930c949a573dc023eaad9bcfd21
user287,b48cfaeebe0b9f9373b6ee589941a7d4968c8074778ec0967eb34ccd71eb9393
user288,ee3f5542e76c08045957e7437831ea1aba2d9c3f5d0fec583cf3674d41178e7e
user289,b787a57eb1a225c94c9d34ffeb3e781593ab2631ccdbe1956d1db8bbeb3a329e
user290,361adf1eb36c1ae7416133efc841f80f78059d26ec1b5a8d25c4ae2e968c69cd
user291,55d96b85f13cb2431c5fafbf10354ceb8ca2a07943fc04c02ceb539a01c24937
user292,b75ca20eb7995b6500a76f9988f020f4a6594d5e56ca6c360ae88676afc070ed
user293,3ab0138897cae18224de639772d6e0c30bc556cc6e726ff8ada377f0643426f1
user294,a9fbd2cc593b5e7dc36c538e16ccfd01ca320c52aed9926d096bc5727dff1927
user295,786b5cf6aa7f1c7cbbc31b8e6bc37681c8e160782a003f05ad2341f8ed675d4f
user296,1e7c40d2e8b42c89a4c1c4f324946fbe351cd1f1694895923ccd24df608621be
user297,9ed6b256398ea20c67921324ce03914b92514074dd16a8a0b2765e40272e0ae2
user298,4a86ff4f044545985ab8335a0e522e42108053375cb354f60e6860759413f300
user299,6f1fa3f99426854504af4d35370a4b3499c63b09b34f8276aaa72fbdfed368d0
user300,17c6b9b6b4b4d87699b9fa0810d693db6dcd16fd6c95abfb3d9d392abceda864
user301,1626cedee426e5acaa97305441858d189ade655f50c930c54ea5cec51cea1752
user302,e073e3ecee4fdd2553692410235406d7e97cc491e9fc8cc37887fa65615b1866
user303,73c1c62d69eee9f7ea54a1836b81e39aeac13198afe373c23816adc7edbf4c51
user304,48dba86315bb9843d813395185872e23bf1a31e498383113ebbbf5c250fd71b5
user305,7b7dbd5b18d546898e52842453fff0d40ea08da337a2fd813ce6993385ec6358
user306,0b433f0e67c589042cfeb229ece39a891173f114461fb32ad09d784c60cb78a3
user307,2dc2eacc9c5a6823477ccfc4aa1d26bc5757b6c7820115773e17407fc0269c61
user308,f7049bc49e8f47e1a662a6ca3b1728dd2a40622dd6c840992c566172099b287e
user309,e2524e0915e0e39aa4102c08a340fb5f2307859c6592df59d01755c2f2f0a18c
user310,818bcd8ad16b1a974018b94501acefe754f2c95683e57020c4ddd3490cb00f58
user311,8884841e6f2be8bca3ea48473a695c12ee8c448370f5435cb3b36f784aae1b98
user312,054c1d313dbc9e5287b42df91b88cc5f20941b30e0fda7611103c7d06c56f0b6
user313,803de81866d3454d31f68576272814c8ab2e39e2a275ed2050bdaa13c2789b06
user314,6078566d4dec49cf9f30f3318c7057e9d9641a41d20b92b3bb81e0de53502c21
user315,fee876218d57cb25984be57789c604acfd5b7b602aa9f71c57b7879f97d35285
user316,026a7018c5abc231c3fbcbf50ab47a0821cecf847b6e6d74e0b5fbf16db4970c
user317,3136880ade4cbf429976c676b5d843bb60b5f5610fef007e385fbab25722a623
user318,587fcb6196d83f1516a3dead578dcc0471d9fd90c861ab6c632818f3fedc5402
user319,4df716911f4cd09026a15c4882ebd33770a4717c668f83c9cfc5c96cbc101f5f
user320,b962e06d79693326855869761838b59910cf39ec49bc313f1d611a64bbe96547
user321,2288821c6b799cf47a8c9aa231f361ffb906bbee0d5fb5e1767509e27442cc62
user322,c53dd34fa0a2a342b361a0efa2a982e76cb5c334f2f035befd435e85d5bb2bb5
user323,f1c1318a631a89920ca83b8d2304c6bee176f6eb864f008c0e1148ec07a15589
user324,1c6f84fe327c3da736d1fdcb2ada165a9cf86ac2edfad8b300d8a64a70d2243f
user325,abc4c69c40e5f92a0b0dc54c29254e88ef244ff387bec7bd6f7f91a7b0e873fb
user326,906b056cdcf23234d096bc9a1beed9025097b37e9b65b5407a3a6fb37c948e81
user327,e4837f8a9809a6362ce66c439acdaa8d2fed3a79639db1d174ffa1f49d161c30
user328,bb0f7f0ffeaf88edfd38e417d21294812563763805f18912863449b0713f9910
user329,a77e31b924d793747d07ec9c3b3352f77fc878216e0e03b271498493b354832e
user330,edee2245cd7af111ba5c27d018fdbdf8d1d3de8a0c3826dd44e59103dc33f2fb
user331,5e70d77935f437c114513508a0851cd8a83f8e203d2895302309962abd040ac1
user332,ea5244e497ba1b6c2355a34423141c9c4185d89adbbd99f04be27e38d568f3eb
user333,7456950b32a9770cf2b15882647416591f37bcbaa31abb26d84d485fa15f682a
user334,f4e7e9e7ea19beaf17e2032caf632707bf11055ad31a744c56abcbbde234d61a
user335,94b29e29570e92b1639bb7ad13ce5fb524e191c922297ce2a7dd890697420e1b
user336,59a55fb92f7992f48d8af847629034753ba9b8e540de70263e37aafc9951bd65
user337,89da8cc8191dc5702bf0a7ac64b54f8e068dc9da08653619f82fca7581fab8ac
user338,55de8631ce24dd4864d3568fc633495e5c0b7c2b1c2ffce08bbcf170951e4bfc
user339,7eaf687e89c25deb4f416fbd2c3bdaf00c6491ee0f422c2d7cd96ff1d75620d0
user340,a97e914836fb1657a8854c321299947a74e587cd21cf6522d31888b30ef254af
user341,75be63ce1e2f8fa6a0ce9d54a75bdf80facf48093512a43f467a30dee616a59b
user342,657f88465bb1328d787a1e9ec2362ac70895396002f9e77df37976b0dc8ebeed
user343,d4ae8c72d0ba7d9899348d796ede04dd7da14791d458861ac2c4058b9dec5359
user344,28dde684e79593d8f41b58b591c68c8216c5cd3119c0181739d0b8e6daceb525
user345,fbaf83b74f96ff2522afe3edf70e68f462423500cb035d5584ea192c4043c9de
user346,9af68a5937e958a5d956bc5d105cd95e28b90cec47e6d5eda8a2ae75199851e0
user347,6fa28fb549ecb0c16f69090d2add1775d2e839615637865f5d7865f532447f73
user348,e9ad642a15d4997ade322e7c274126b6daf8655bad9526ec8820731604b8426c
user349,05152f19571518814aceb314f32f505d70603457e2990686c5ad6fcc3508107d
user350,98ce115a1be248c1139017e930ae7025624bf407c550e6c88a10e12f0b7b53e0
user351,bc6685a760a427ca2942f9b3cd619dbddaf95beac9fac739d9e1a9e22e6d09ba
user352,b847dd26211f5955eb49c4b037b5b65369ec98a919e19095e07e3367538be152
user353,439bb447d898bfce8fb60f9945e009e00eea9546793519a1681d1aae010245ea
user354,525bf64562f915b0563f33460f540a89e48e2452392ef674cc03c369f0fd1e6e
user355,9dec0658d9bfa6ff2fcaaa96db410372f81d79aa1a7ce81a3b6c71cd631ec710
user356,94567ef31a98974a351c0c4adbcf7b5ac6ac9c1deb96d932252810a371f4bd5f
user357,5d141affa132827ac2be8967897d923bea5b472adb5a8ae094a638b26bccdb6e
user358,fb6d14e2fa263012891f63fc952d07cf5882234e2f9142dd9be7aac483965a78
user359,913e24aa2d2ec7208acd2457d417d5c48216df17070187598b2a2da1edfcad62
user360,5c4fca1279e8a11c002024c514b6ca8c9422b6e3dcb4bd662f64146a9e92f5cd
user361,24204797bada7751ada95da4d8b797b15c33881d8df091b7b2071f06a53ab790
user362,7e19cf79124cdc8cec2cd53e45b8f0a4ee3d70b62e044d0c2279e6046beec759
user363,392b216816463fa337d767390058c03d1e11b1eb840ca9aa916165dbe624b907
user364,362ac98d208baa66ef8e0751a5b0296b948e9d6f4ac8701785d6f0bde1de4af7
user365,58fc0f779f7bfb6daf97f076a0c29090c2dbb0d4c31213231f9c7e7dfab2c562
user366,ae27a648211ae7c7bf669180973b689791ebe0fddf3e360c405e505df2227ed8
user367,c34e8cc83c86910e979ded29d77210c55b08276775d47bf7852b45251acc1eae
user368,cf2f3a57f0fa220cd6f51c882e2bc74bd6dae87a79dbea7d5c51405c33db7fba
user369,2194d66342503b89335185a94eec174b31d5996f6c3721c08e568509b02f8258
user370,56112fe317c0d95a2ba3486878254daf84f93c70be28cd6f0deb18d6a7510dd3
user371,4aca774efadeba0f92259cbdb67365219a78f8fbefd4580374643fad94ff008b
user372,eea03bf4434914b64c88fb773bb93a412a594afc13e88bc6d6ce6e4243e52aaf
user373,72a8a5d2261a57bf67eb7e622d91b49ac5addb59b93962d2fd279fe766e9c279
user374,7c96952f33ca8a57aa4b0288b8c9ce78e883511adbf1443d113131bdde8de38a
user375,d297e94578930bd7b4893c12245bb3cf102c2f3df7e55ac09b77e53f4a0c404e
user376,7bea41225cc0833b126b8d4ced7adc97577c7fdc5d8a076df1241ceb8371fa97
user377,3cd45d8bd1894692c80b6ce02d43d202e8983be4f146bf2b5c551d27dfac6ac4
user378,093ce4f7d1a3df33a8de66b720cfb60b201a3d099646983d70dd32cbfc703e47
user379,919d3f077eb4f9a375168ab20d0f65eb29ac7b4e469e7d9a45f54605a788bfaf
user380,39a4f20b6a03228a851866adf59a7d6e38ba1fcb24e61d47498c74616b98a705
user381,63cd0d8e25e01721c1a6124eec749f4053a75c6e17b256e9e9ef43022c7acc95
user382,e4c4bdc27664a663fb54c8cdcb844809d2652bcc441ae5ecd70b7188e39d70cb
user383,d34e07a6483f0aa2f85cdc36e2151473951e6f40a953f14ce09d87c998a498c2
user384,760eed230a0918696a342de89bb446a1c9baa30d8b9a010998caf99d1b67c962
user385,56fea1ce15e025f40878e2235c407dcde7f6834f6637e9977e674bafb0775755
user386,6c23b725a1b758d907a4b401fe79ba33a726c9e223310a297301fa0996596140
user387,38b6dfc55dd98d13261e0a9738a45824f5cfff0a2eb4120731d7ba14ca257221
user388,a886d8c30ef2759d5d709691458864d912226da54a2a5288319fb5ca04f75d25
user389,0d4afe71ef4a08159928b82328894e697de41289432bb4a9e88d41ab58ff39f7
user390,580e069037f8c24cd9ddff6b75381fa7ac9ce4b28cad45c423c574aeba4b6dfe
user391,aeb162b968817d15c4166d1703982583b6ac22cd97c318d66a355d03582eb8a6
user392,c1d0eb5aab62c07b0eb00f573dd4797b8d2fb5f91c57ce6ad3e320cd043a5adb
user393,6b3d13b404f7f35dedf632640052a0d200e3dd83502acc04aa449dc05cec81df
user394,6a52dcb30f4034fe9bd2eea36d020e58d0b0d59eb31fe1cdf4347225df6ae9e1
user395,7d21037c1470093f3d8507cd7698fac8833bd9116ba3a1cf3a7f18912ab7957a
user396,ffe15ca57608ad91cc6f51ca22bcbe3dcc9486ecee4e8be3a04136be36aced63
user397,70a90bd68dcaec11d754c84e6fb6daa0216ce3ef72ec2898c196cb22b583ec62
user398,91443e6f5beadc4574ef5a90c9a098f90251d6f8bab35f86b259114081e77903
user399,76d7800c328ed845724b0e9332f7104cebd33ad57e918a20b9884aff1053e0d1
user400,6dff5e1c6f7e4795fadaf4602bf2d46a200aca7a2e2c1b165c36bfc848c214b2
user401,439f3fb046b81ecb4ffb6b0382f64fefa5a41c8a5239da33e292031271283b83
user402,cdd3b87638c362707b943b4cd7ded34c590173a072bbcb9ee1fd55b568f2b0e9
user403,4d1e33675c2ca5b7b5840065571da6ceb72993464a20a7c6a25abcc42f27da43
user404,ce7c0e44345a1bbdd7735e34fbbca0aaf85502bf9cf12de2463cfae605751328
user405,68ab110bb7761bf6e154a038d5bbe8d66fbb84d8aa3573078297dd3cff1838ce
user406,9167087fa806823470d6b5cecda6c4f413033d3dfe1a6f916d67771b523dc49a
user407,9eae7c5d6311d48ec32a84dba653faf5c8fb0ab7a12f4e8d2024a90249681850
user408,300526bffe3eccdb81b1ed658ba7c2e212a8b6df2deaa517ccb0d22058d1a56c
user409,14c045e3815663f838912fd0e7590dbf102a845dda1e63c9766af2302d743e07
user410,96158538c3fe3966ba8e304237e9332ec10f75f85a562d67f193cca77f293e28
user411,dd03d89ee4347015aa574a789d7ed923e20be34b3eaf6ac19b87651ce49704f7
user412,2f3cd6a29d42a30323b191a809a084a9b245ab57bf0e2cc615337f5b1b5c1d41
user413,cbf4151013d71a0f691d08c113de2ab370ba09cd3eddea45d43a1c69a93a23e3
user414,1498c3779f1b14c8771263c848f13a1e309966baaa3d0e3cfee7e69c0dd9c636
user415,2edeb27d51fd986fefc0ad0fd66cfe5191f60dbd10322f242018370fe018d862
user416,b4a0096a872d069ddbbfb3039bd595ea31089ea4122f77491f03cf9408b2597f
user417,e9137ed3450b31b15147c197a46002ece7069a16a303b24e4fa124ae576614ef
user418,8e8ffd50330f5ac1597bcaa0c05fdafe256ca90aa27b3c61c1d2826f1184b3d3
user419,362d458779708827dba83ecade359c8a188d90d6e8500f5ff8abe93be06f5f7b
user420,50c4f4a5a57715124c37417df5abbda79b7496ea43b39da54efc40668b56f836
user421,835f96268a1d2ca6c827a88ead206ab70d6feb35cab93c728cfa046f8953ee22
user422,9c20d0b34397819da5d7535abaf0efdf79b674378eab8b64fdbcde50547d4575
user423,845457f91e34001256082cdce959e73e35cd5fc2411578e9819a149d6ca0c801
user424,feefa3ba3ebef174bfc5cc4ef039e47b82cc1b1ed0ff214a7426860b69a5653f
user425,76b9f8edc45dc87dc182a3d49fe6b4943e376895b1c83b64ff80a5052a8104f3
user426,66d8aff1a7f7e05d6beec2d5ed8210f8080758579d8d0e7f40f11d09f42b3058
user427,1ec0de55744823ea7ba42fda579fc3912aeb7f139dd593cf992e1d42e6d304ed
user428,5ebef998d931adc215de07f1c4941365e830bf31f19d91a785abdd765e52b464
user429,94f1d8d177dcdac49d2fcf1d7fdcda69ddcbab274ffd7434de50e123fdb6e3aa
user430,571ce91c68128bfef6a3d7b5964b2a0423509c25f2af67e060abaa5812fe2f12
user431,6f35dfc5cfa88aa5f402ad7d350c642286e88d1f4a5f4241746519616f93e046
user432,9752acdfb7067071fb356b1a7c40fe4dc25133cfb520d2fc1f107c846c66a6aa
user433,871d10dadb6e7916a9b6a447b90426714fe562c5d8cc77b3bc3bed47ff976142
user434,6e1e194a115a31f9158d617d6d3bf7052c28e106da9c677a28e1a197346d04f2
user435,6b5226a88a2a09ee916dd80e3551ded394f117e917584526ca1b093e34b15bf4
user436,cbf7a0b149de0854d6017ea9cb93f2bb9040f8728963dbdda9f29466d1c4d905
user437,18561b619f6e04f686e9631462a5a23964196cde1f1e64e9416be701977f5c6c
user438,d7d8599bcf6a606f2c49411c01fa3abea1e616219e70382b707660fa1b497578
user439,4789f106abcf858bc4b0702397b31a8529a50005093c11ab43a9da1b91d98feb
user440,ff1dbd6610c59b06a5438ea9211b4af00250385972166d93249f4a612c849a60
user441,0dc371cc058167edfa672007bff0e617775242a50dd0e80c9aacf0aff30d969e
user442,c8edf8c7d2f4d9429040ce1684ae50c7708f80cd542e0cf9ea30c41e5c253a32
user443,a02e9a5eead1fe04f239d88453a636f1d5fd859221aac4576262c3730001df75
user444,06435cf25ab288b7be13b3146fd9393f5f251ac936658bd9a01c8d2978b83fcd
user445,73dcc64cb6727b70e4ce6423fec0cd98d63cda81362f9e547a58bf6533936cb8
user446,7cf3af803a3f9c5b245f97af9c2d7dab0f7e3499779363de106045d3121eadfa
user447,1fb6884591f1ec18e20cd121e0366d73865a7c3d789a00b0aed28753bb67f4c7
user448,64ae0ac2ef478c2a201910deef2d63ec7612b889269071017d3f2ab306e520d0
user449,8123888e4a9a312d9d032be2728844b85b58e0551105193d430772697566cf21
user450,83f8a5babbbf1bc4a5f8b335147c48bb328be24c77d0df5ebc570a9a09f62c37
user451,7092d1b68713c7d06098ac4b5f85111305655ea24a013dc213151360a33069d6
user452,5391356349cdd2a48e98a2a0542bb278708c7cc53a00b76455640447350c2c00
user453,4f8157fd0b6f30a2290970b2f32cda602ed9106f0bfb7ce49d9e6968a6fecbd1
user454,4585d94ad253f73397455fc21acff53e5a085f1063cbaa4732ad3414a8ba40df
user455,2ce180a7a45d8a28cb7c286f0fe70c6363c3c4b2ceba97b590bcca757313fbc5
user456,6b08d780140e292a4af8ba3f2333fc1357091442d7e807c6cad92e8dcd0240b7
user457,0584faef393dddae2e1733739ffa018d40685c50bc0c32780657633fc5334add
user458,8b48b2f1512de07ca8735abde935c75389a17535662866c218bcd9dbaec4624b
user459,d7d57c8e56a58445ef00a1e0b0bc3a026ededaee486152a303e19e18a0013cc8
user460,9fe5197131dcafd032fa1c30697c8b06ae87680c241d803fab16d26d11482757
user461,9f7fcccb6da9fd3072b0f4af532e178dbec2d5f38ed28b0722925dcdbdf01505
user462,6a70ca1aaaf4a5650c41db46717c0f336c12fd581308ad448967c6a5bed7467b
user463,345be6cac654c2ef22f9202f10c6f9d4c1275bea410c2401556224863c995e04
user464,3975bf260acf2d0067228daa1263e58dfd05990201c32e6219cbb45373fa308e
user465,a38e161f8265034d4b1ac230a5a0d6d730d0845d70a9fdfaa604ca33dd243a07
user466,bb6210f84a9d226e7696605d339edff2e03894bc47f3ce7671137bb778556ddb
user467,c43e2a9251fcfc3c200fb38073f7c40a0ea4bdb73dc0551f26c9b6b1fa53f910
user468,7acbf3982fecd3416b0cdc1cdc9675e4aaa0069a1bd26d090139352c8a6f7680
user469,f922f6bd98d26151b1402a869f957abaa1b107ddec567f2cf2e32709d2fcf903
user470,c603126a2d9b7a1a4cf3387b0e892ead9ff3d721e102330ec51511e9d705219a
user471,11350547353ebfde688de40e595900f57dab8870d3bfd30e3d8606e3a8dd95e8
user472,e2ac2fa3e88af09b8a687e9a7e2fcfcab828df4d897eeac762aba589d3b04710
user473,6d3d2eea3dee65f0e8779fd80864051fd1130f4da27c330b91d35988c7ac6c28
user474,90ecd2c4dfa64dcd75848526f787ba43b56187acb1879e23fe9c944f37f79b88
user475,4ed6449c2b3fb8fb04bee98b0656d5fd3e7d67c7b3783f28fbe511ed2587c84c
user476,a57953cb21825958eba15bc8a455bb3471d6598445943231944b5921058a0a52
user477,1f3385e4d0b84704a19a1e52ca0182fd3d97d3921e306e5b1378c9e861f2c760
user478,6c99eb13309ba6261dfb67cc9d48275035f94061afcb90e20a4589122a7b10c3
user479,6f09c9a9717cdf2f99b07a2923ad8f42879d94e63df8e1bfd5a4d33ef9fcf7f3
user480,f646080942d3064151c70e4f6223d86ab7260a93959d3271afe6250022c5e7ee
user481,71d7831452a588214fe3e950f5bbcdf02bd77649461cbf7b670485c88a88c20f
user482,78c66549e037a2e00a797c18520366b64415b893ae4d9b626179d87028a5dbfb
user483,8eee63d35c50a7b2726bb4ed967571178555f9db0b8f4e980166527af9536f69
user484,d471516acb92ea21229f92d31409e2f4bec89918cc40d9972b11cd1f3d4c8d8c
user485,0903ba0f4df6c2956930b27649d1bc50b4036f2aea510ccd6941a7c6559f4ce5
user486,43de88c4818b556ad314ecef97f9ef38cbd00d5c31cf711dd73fd13de11b9ec3
user487,acb57969bfdadce922aa61daf949ab38be72bc288195dc544bcef303a159024a
user488,4a0ac087ddc1da8da6d24d31215e50c78ee5cf8f027fb9032afe9a7b82054f89
user489,14a067da7c4a8f67b5de1abb1d2c691d45dde40e8218d307756312a3ca06c65e
user490,657a4515176bd6a2629416f1dfdc6d5a3e26c69b2ee4654e346fc86fc882a4ba
user491,37a5682dd2c64ff3032b498c00a7e2b20a98b64be146d33e1d533f853fc79a70
user492,2c8fe1b3864c7abae06c45c0ccb70668a78ea17e7fe3ee20cfc7c7eec500233c
user493,7b1caf873e35737be64efc766404d880becb3822fe69486ca0352aa6bc4c3498
user494,70e2d5dfa840b098e0e6fbbca9f481b68c9a3d67e050b8e141a93d98cbd9f4c6
user495,69bda49d372fbd2cadc2a8a7d67a0d8419cca5cf68d6b23419cc977a5e165c2a
user496,a434dc06f6a6396d1bbecfe3fac9b2a06c122155f97a69b403c822a8cf7793c1
user497,40162f49bb92a84e704fa82f37f934d87ac598b70ed4794840dfdcb31a2f754b
user498,baa545d999d9ccc085596f0cc2732b20e7713ebbaed45cb2b8fd0840c5cb4317
user499,d9463932b060f35b11e3dd9606dde050c0ee209ef831c1b3d6defa922a338b7c
user500,cb75d043e5c080af8c45f06ced98c0757133761f32faabddfa7b4af0e1d1adff
