EMAIL,USERNAME,PASSWORD_HASH,SEX,DATE_BIRTH
user1@example.com,user1,a991e84c62a25c5a972f67c47cd81f31063c2dde905a8428977b0458073465cd,M,1997-08-25
user2@example.com,user2,02a3e1fc659a693124e09cc25a8b49249e126cbfa0dddf8f45d4dee4895bf81e,M,1999-11-28
user3@example.com,user3,503ae5403efc54b676a4b551f30d9439e42aa4c362e8d21dc37a4250cfa19e17,M,1962-03-21
user4@example.com,user4,f4f08752af7e13674acd6ec40c91e4eb069e7e0e92cf1af5dc34876bf26364d9,F,1985-04-05
user5@example.com,user5,8c55ae6c438eb7bc74c65aa600e4bebc93c61916b9f3eb2977b414fbc551359c,M,1971-03-09
user6@example.com,user6,f1cff19d391ece0c73a5647ecdba9eb87b15c63f7d2b7116bfc773e6ee52344a,F,1968-07-01
user7@example.com,user7,7c33eef555ebfd3fe805d1e44b058bae852b191939297bffff78ffc2b29dd9f6,F,2006-08-13
user8@example.com,user8,e842b2b00245276406b4feae75355d1721d92f0269044a58eff8149b29de82de,M,1998-10-29
user9@example.com,user9,b8afb457ed08ad91126d628cafda8f8dfd5d2a0b270fddf3c255345c264a45ff,F,1977-09-07
user10@example.com,user10,b8ea280a518d1b835e32564f18846274e2a3ba6fd38d1562647b0f693113fa1c,F,1962-12-28
user11@example.com,user11,922197c7482f2dd40727759f399482b085a3b3ad79c1d61cb6c96163f42720b8,F,1991-11-09
user12@example.com,user12,41d0b37c0667da36948f2822e16ed54692371bb846103968b4bb25e8c7af8d54,F,1981-02-15
user13@example.com,user13,27ad6f0e72ea55c1675a824b48d4558d70d442b37e4d0750fa45c64e28658769,M,1966-07-08
user14@example.com,user14,f09ce8610dc3035e35ca718c7c726c55745e70cdef47bcaa0d5b91a36b0a5ee4,M,1985-06-14
user15@example.com,user15,f5b5709027e5e61970411edfd809dd8fddd81049b9d5c5c76e0cad1076b995b8,M,2006-04-22
user16@example.com,user16,123a9a40dc88c6079b3b6e7da4ea21383a8b613cde19cbf3cedff62f87c5fdfe,M,1971-05-11
user17@example.com,user17,cc01fd786df85d79703621b3a790cba974e723ca826fb05fb77eb47a52c631b3,M,1972-04-16
user18@example.com,user18,8f842a2a963ef72fdef48cba95ad2136cb87e03e754a9ce2ea0ddbf9c96bc518,M,1965-05-25
user19@example.com,user19,5b2254372b2523e8986c22776dfac4fff8c05c52e80f43dbe41c23da225c74bd,F,1973-06-19
user20@example.com,user20,e008472366b06ff86d962f0508480fe71be7353c4a3db727fffdf6f0faecba27,F,1975-10-20
user21@example.com,user21,00bf608f9c22392448839fe055cead3b6080828a0e23e95d4e627428b8848ae7,F,1993-08-09
user22@example.com,user22,d61d04b8f5f09a28f455efd969c5d5eb276f0244dd8c586a00294a7454c3a45f,M,1977-11-06
user23@example.com,user23,e67545803fb8f380b44b82ed0e7956eea45f5394b62bf28c29dd2c656bb523d2,F,1976-03-18
user24@example.com,user24,539e0ace65086d9e4972ec84f1bef17887b68731c0fd8cdb6504c7f7e1f7804b,F,1982-05-22
user25@example.com,user25,948ebf753654b62fd699aecc2b41dd4314d8e8387e1448a7694976906acf218e,M,1956-01-06
user26@example.com,user26,617e99e7702973f0511905516d7c759f8fdf53bfe43ed2d2d0365001c863412c,F,1980-06-30
user27@example.com,user27,0eabeba7d7156e9b58f601ffe5c6150dacdf800c405fff1c46835ddfa01176ca,F,1979-07-10
user28@example.com,user28,f14fd3be187ef8be5ff4747432d9066fae400078aa4c154c05390f180464e9b0,M,1954-12-31
user29@example.com,user29,251810bee8be997ea26388cdd1f07bd78417d619fe1cb1760ea2e834f80335df,F,1986-10-11
user30@example.com,user30,6e44b842580331a004d46410eea0348c3172eadcc144c3d7535e82d60aea8c74,F,1977-05-14
user31@example.com,user31,63a08d9376745d4086ff0821b18b4b9df7c9f2c8b2f34bc362c7ae7742a55062,F,1977-12-16
user32@example.com,user32,a16063f29bd559e9de012f89811766c96dd58bf17c68fcdf872bbb58f076ca86,M,1996-11-11
user33@example.com,user33,1e3fd8e0f9b70fb9d4f68967302054f8a066f339f3f8ae961d74bd5005a75a0f,M,2006-04-28
user34@example.com,user34,ff559802921e5dbddc5420fd1ac9f10b09a928e29506d89454f2f73d1564241b,F,1966-03-13
user35@example.com,user35,fab71204102f0af042d8b5d8d23bd0b8fe5df859b493b433ccb97785807e69a6,M,1957-06-25
user36@example.com,user36,f26448ed6831363592892ba72bdbe015bfe01c5a81791f5ea350e54634d6a05d,M,1990-12-17
user37@example.com,user37,3a0f291f6ab114bb66f24d7a729bab433e1ccef5cd4bb35357fb4f41307545b2,M,1981-07-01
user38@example.com,user38,3afa2225b0d0f4709fdfdef8c48ea54eebf307275603e4d04fc2cebce08fa2af,F,1963-03-15
user39@example.com,user39,ee3b99845674bb19df600a96573d6a4496b73b7f4afc47d0a49063c91a03a691,M,1961-01-17
user40@example.com,user40,0e983056bfe11feb151d9275eb259b741a0ea4789c6b4a39206f0608498c7823,F,1967-08-03
user41@example.com,user41,cbc10409b3fa242ffbf53767b4cdce80b8d5635016b404e13c58294b4ddf0c4a,M,1967-01-13
user42@example.com,user42,103063215ed8efad081e4b1b7d8ad1e33069930615b7098aec3cb6b502a40553,F,1972-05-09
user43@example.com,user43,eb99e58bfde9a1991242aba74f0a6893e57979889dcfc8340d97867b29e047a0,M,1982-09-15
user44@example.com,user44,94f1a162bc0f7809bd5335eb568baa2b1e1263c7f816f6bc6fbae8386b29147e,M,1976-06-26
user45@example.com,user45,84e12678a4106b652dd7a52409f872571d3bc2ee7f590c0c83f331e2f1417d76,F,1957-05-21
user46@example.com,user46,6a3617e358f78d330cb0e344781a17d3698e280556000a85d51ed91226f5d704,M,1975-01-21
user47@example.com,user47,81c87bd9579f169f943dc65d6db01eea28c8dd743a56c98f4cf6b4c9a67c9d72,M,2003-05-18
user48@example.com,user48,d589d6d7446940dbece170adcfb0b30326c22aa233ea356e4964fe16cd44e213,M,2003-01-04
user49@example.com,user49,4d99ffcb59547b6282189f4ff1140c8962897bc8f96d02656224df453836bf3f,M,1971-06-04
user50@example.com,user50,a6f4fac4c8519587d2d98702fe2d30c772441b95e04bf69a61853208aa508e31,M,2002-07-21
user51@example.com,user51,b9bc9df9e843a692fec0abd106d672c06ce0db03b6381fb618c74942d15c8acb,M,1973-04-13
user52@example.com,user52,8f79ed351096fe8f8ad679ce671383db2d6f25b730a0d41fc9a5596e9fe0451f,F,1967-07-28
user53@example.com,user53,658c674fd9809c44c36483eb754f82077d810ff5da1ebfac0f39d225f78a3f0e,F,1978-04-04
user54@example.com,user54,f95349c35ee7b5a671e93fbd2825b9cc2736719f81bc371489139520b4114e52,F,1999-04-21
user55@example.com,user55,edd5b0d6f2b65d3685d85e56e0a2c48e19b9f5b6b79078fdaa5d95d8955465c8,F,1956-01-01
user56@example.com,user56,7957e25529ce8df5dba91ef654f96a0c2e36b417093916c0a5e8190c437fa316,M,1984-05-07
user57@example.com,user57,f603168677b4fc306938fb093141f980f950e78f20bc0b84b8266db282a125d6,F,1981-01-09
user58@example.com,user58,a190da234445a7c25adeccf0a0b3335ab1e1410b52c4163049d768f95b5a3ca8,F,1968-07-16
user59@example.com,user59,e4e57bffc6baa19c20f761bf0d356231409f6db6cc2c44f466ccdbef02f31753,M,1979-07-02
user60@example.com,user60,45ede23c57c858c49b5b0efc75af1945b9381c56948a1dbc481614a8b8656460,F,1984-08-12
user61@example.com,user61,dc7109cf211ec238dd98d5c317bb6b5e55c1cd7b51a85e3c99dcf87c5c839ccc,F,1975-06-26
user62@example.com,user62,f1b45a3f09195ba971fb61f4d7a109ebb34e2019d1e982586ef1862d905a04d2,M,1996-10-30
user63@example.com,user63,5cd8905711084dd32159c60e6784a6a436380c2e45b6be1a7ef0926c510541a7,M,2006-08-06
user64@example.com,user64,e3bcecfb93c4e1ad95e8fa94ba9fc4fab7b67bc1ab8f8eb539d7eb9b71200baf,M,1966-06-09
user65@example.com,user65,6ab1db8b51386d7d22ad4afd72733503bcf254e9178f00c126e8e9a60399dfd0,M,1989-08-29
user66@example.com,user66,11845335b849ecb8a3c2e41f16a65aa8cd29e077ea58f40c0f08a04b7e030e9f,F,2004-06-09
user67@example.com,user67,76838410fe9ff7a508d97ebdeb1099421519461d5c5812463f4282498cc95cde,M,1985-05-05
user68@example.com,user68,d317823980db13c5d962d6dd4803deaddd47ffcbdcab51eb7495538b2581324e,F,1983-01-24
user69@example.com,user69,a63a629432528fbf0395bf2f8a52dec2429aead86379448a75a9332544308d8e,F,1977-02-20
user70@example.com,user70,58a211311009515d469ae595307c3090c58ae62a6836801ff14574b096749b18,F,1998-05-18
user71@example.com,user71,dfa4e211ae198c81c0e5e7b98070d17fc1031977f777e0a39098809e8ecfe730,F,2001-02-02
user72@example.com,user72,78a07e3fb0f29ff08eb18c699b0ec6d3134edfae12d03e9fbdddcf0f42247818,M,1960-05-20
user73@example.com,user73,936d1d5a768ed4d30280dea98720f727e2875c030cff46ed2a8a26ae066a12fa,F,1968-09-30
user74@example.com,user74,790f3dae322f391638a8d7fdbd37c6c23c42bdd5192c3147ca6fe499165329f1,F,1962-12-18
user75@example.com,user75,bf3af5596b017320283a79f2cc4f770fe6a69fed09730b52977c181966afbbed,F,1975-05-29
user76@example.com,user76,2c438a1119f996c4cefb37c9aecdd3cc5a559d146aed9272486fed0cd6ffc551,M,1961-09-19
user77@example.com,user77,0b3a2e6b22974a56f9bf0edd8a85d9a9cd865b12b91486529b485e7c26dd0def,M,1974-04-20
user78@example.com,user78,0ec9b41c7ae2133110fcb52cf0919ede1d1b65f4c0d0ea90b4c0cc7d7dc83651,M,1965-06-26
user79@example.com,user79,f1b0f11f70626ee207e6316ed0bcd15211fec889b4beea200ac97440d3523101,F,1959-03-08
user80@example.com,user80,383b188ca5f2f765fe7d4e84f673fce7e26cd491d4ae54dd2a6a8eb378878395,F,1963-10-12
user81@example.com,user81,076c20eac923b2ad202468b52758abc229a9356893a1d90d81477f0ea9986813,M,1958-09-01
user82@example.com,user82,adbe6586535c52b68f016c0af8ca1e6e8f57cd70787dc82c29584743ff1b7b59,F,2002-11-17
user83@example.com,user83,8df83b80d94d062ac69b96759ef9547a92c5e1d3cb270b70ad804112d278984b,M,2000-01-11
user84@example.com,user84,f84fd2a325516e1a45c22bb93163f44487e90e3794d34fe3a44f0cdf9886e444,F,1992-01-23
user85@example.com,user85,3997e4a9c166e902cf3eb4c341b4d36d0f30ba6fb715df1e73b97391a7bc4d50,F,2003-11-29
user86@example.com,user86,66ec15d87d4cebfe50a4ebbbc64bc9d23421e63a51243d61a6e119dd6cfa0776,M,1999-08-27
user87@example.com,user87,4146d63e3e55aba20cb336939f65506ccc70f8d020786cc59f28075dea9012b8,M,1955-12-03
user88@example.com,user88,aaf098df9688fc6637799e9461e853c8c9bc9ef30da5adcb1a4bb11d13b228ad,F,1976-04-18
user89@example.com,user89,6d05609c16c61e2328c8864004aea4d33a4b782841b0da616d660f1f5fc59d59,M,1972-09-19
user90@example.com,user90,45a07b1e6216200732affd01a8913230e4e0cdc2ab2fc11c64d671769cc61c39,F,1970-09-01
user91@example.com,user91,706c139fff626bdd52bef0f19c3c883ec3ca38c5bcbb225a7eec839b0f86a237,F,2003-07-24
user92@example.com,user92,b0fd7e881d30e9afccea49d6091b8c1613708b0d16b6c1f33c7f2021fbb5ee03,F,1998-12-20
user93@example.com,user93,b9a8d0f0e641404489f66f2b89c065f582b51abf8a31399609989743f8799613,F,1989-06-18
user94@example.com,user94,45ea9f98d516c609f2ed91eac3e35fcd564e1327d6f81da918d8dc178bc55c47,F,1967-08-07
user95@example.com,user95,ab881be3c554e2371aa2aaa6f74605ef24970f9c0fffb3b2e784e6d56af1616c,F,1965-10-04
user96@example.com,user96,7b392e7769fbb68163f047ed509164a7c0d439daa1a1631af373c57ec9074aab,F,1987-01-18
user97@example.com,user97,f84ed018a5bd19e857e9d8b19c6072d1831c97c18a5231c96b4b17637000c01f,M,1996-04-28
user98@example.com,user98,fccbfcb467233e0d422e590e4f23d494f15034c0f0428278073c7dee3eaf675d,M,1968-06-10
user99@example.com,user99,92a4c38a841deb3d7aa4714d291ece794aae2410b3a1ed2af07dce6b6287dbc6,M,2003-02-08
user100@example.com,user100,8588f3975858f22ae117228c1dfa515adf73679f28debc6dd2df58bc0e516e9e,M,1998-03-20
user101@example.com,user101,6a2085168e2877e655b49046832e165180ca948638efdca39f7662733fe039e9,F,1989-01-18
user102@example.com,user102,fa470a21014867653f4feebf570451a4f6eb151e0eb3a98e67dadb2a2330f733,F,2004-06-20
user103@example.com,user103,0707deb96ee0c83b2df2a2de406c35255cbcfec6753807750635ecaa599b2b0d,F,1962-04-19
user104@example.com,user104,d25912716fc6d4ce491cdd4e3cc10369b7d6c98c7fc06471e578202dcd364bff,M,1963-06-30
user105@example.com,user105,4e8f72754180436fe190486ccb5870fd29949348c51addadc816e472c73d94e7,M,1997-10-18
user106@example.com,user106,714e7246876b5703564aa4087a2cf4cba36b019629a49a5c52f10f2c9f39e7e6,M,1978-08-07
user107@example.com,user107,2ea6e15161c82d47adb11a7f868901d2b2f1c590ac7ac9980d7b577ca775b650,F,2005-01-31
user108@example.com,user108,fabd84055f045a45f017b9433bdefcd440036f6772e9a5e9f739160168d25177,F,1996-09-17
user109@example.com,user109,4011819aabd6ff41d768d7400daad478509444f3b86831d71b04e7dcd7b6d987,F,1986-06-25
user110@example.com,user110,3c94d9bc31911732c19ed07f83c89bfde97bc385a915c7668f21b875e86af570,F,1973-11-18
user111@example.com,user111,5753435eda1037de315e6b973c92d6667725a0e777f86bbb9efa0ae0cc21c1e3,M,1990-12-26
user112@example.com,user112,063cce6f006a3295ad26344b45abb05352eb6cc601e1458a54b33a2997f57c91,F,1982-10-07
user113@example.com,user113,f9f84bc34e946ebcd09cead6519604712f6d24248c02c284ecf051422eb3d9a6,M,1971-09-10
user114@example.com,user114,025ea0f02f4c8d4b0e82f3e5618afe396b1e4eb815c244f40fc2337dcd19ccf3,F,1969-09-18
user115@example.com,user115,b9b350160458ef4344e2174607c2fedb3f5debc03702555d60b88af23a68b549,F,1991-01-12
user116@example.com,user116,78d115f88c95a9e76e66ef515b1a5659322ff7974f5189d4d56a3ae9858ba850,M,1993-05-30
user117@example.com,user117,5e333e15cf0c6670a9e5cd46d1bd7f85c95db265a09031bc1b9dff6e17d49acf,F,1976-11-06
user118@example.com,user118,75c86c958423a86c214d8342aefd9a8e0394cf7f564443acc8859e31b6c35173,M,1999-10-15
user119@example.com,user119,09b73a6f84c6a8cb9122f49fe900f50d0e7cdcc7fd62b4aea46e1be5cbab50ed,F,1986-05-17
user120@example.com,user120,fd71eb57c5417161b53b5129d67f9d6949ee7d4ff164fdd5762b8319a718cd0d,F,1979-10-16
user121@example.com,user121,bc770946bfd8e372d280735cf72cc7eb09bcc569f39526fc151b3183b688db67,F,1992-03-29
user122@example.com,user122,10795214b9c9164cda6fc8eaeacead165353bb8bc0207434d340c19a51217f8a,F,2001-01-13
user123@example.com,user123,55a5e9e78207b4df8699d60886fa070079463547b095d1a05bc719bb4e6cd251,F,1961-08-24
user124@example.com,user124,5bbc0ec9815106b520475fd75f82c4b25e8d509348764255ad9563e8854fd5b0,F,1970-01-21
user125@example.com,user125,04ef5540410010174c2075c3cdb8771634b29a183f1c19142fc74f6a875f26d4,M,1961-08-16
user126@example.com,user126,4aab925977a0d762152a8b65bf8fb2fef564536da3609a5af9230d3886834299,M,2005-12-24
user127@example.com,user127,29c3bd75d81a9f85338b9ef4c256dd3050f025a7f78ccc0d40a00d04180a0d3a,F,1966-10-08
user128@example.com,user128,2268b2db81179c841c35ebf324df81d202d55cc1ebaf5ae1e85bc537c399232a,F,2005-02-12
user129@example.com,user129,b4792e3d41c93996dd9d0e58694124b8de628db941ae9748c882b902ee902328,M,1984-09-27
user130@example.com,user130,30dedc2f5dc9a3f5da6a86ecb605b5eddc132507372edd25841c52e731083ad6,M,1986-10-09
user131@example.com,user131,dc00b8c3d4bef53ee669fddf765290121925e060db668063dc6abc4a37076189,M,1994-06-30
user132@example.com,user132,16959664a4e04a1f02fbf1464bb2358c7d9b0bc6bf94dae9f826283475a43bc1,M,1957-12-23
user133@example.com,user133,43c64120121e91c8e40dafda728d91b5b973718150bf0c05c99bdfe6adf3501f,M,2007-05-26
user134@example.com,user134,6b959c543274b75050e1292f91869cfcfefb41379ef337eea9f26c21073483d5,M,1997-05-22
user135@example.com,user135,e4f558ef501eec1b355332dd0319f2fb0269d3e37088426d7b07df8ec8cd0e37,M,1981-04-16
user136@example.com,user136,cc50770a9029ca09eb892003942894c52c603da4b09dc3e05918cd2c3ed4fd06,M,2005-09-10
user137@example.com,user137,c5bf9c1f7e11df9e58bcf83a6e804c09a2059accd88db40e8f68458908a6c31a,M,1963-08-09
user138@example.com,user138,98b857b8ebdffddea3744d2523b35666fc802dfa676d0a2e5ba670db0a899b0c,M,1957-11-05
user139@example.com,user139,d24fedf8e46d30186ae8954595c662a9d065410cd5105a22cae5492c87406736,M,1968-03-10
user140@example.com,user140,16b80ebb40bc816903f952ea55815471fb31bdad88ea5165991397a730223d31,M,1968-09-27
user141@example.com,user141,a214bc5c767cc641eab6c2451af5eb63cb58d8966e1a7363fbb5dda6ffd532ec,M,1993-07-08
user142@example.com,user142,02b0de1d6a1be8182911d50d0e1d189c4960ca55f940761cb73320576eeef2ff,M,1981-07-03
user143@example.com,user143,fa06697a1c56a425fb0f36f4a1d13be92378ff0f08231dfaf5cd352239223c4d,F,2004-08-15
user144@example.com,user144,5c305de7dcf51bbb46e2b7d4ce12ac3af74f565db9e91c7319a30425ea1d21ea,M,1963-07-29
user145@example.com,user145,3b8a8ae09581cd8bdf5e9e119dc2729991028c17d384f03d79697b9d5451774e,F,1966-06-02
user146@example.com,user146,a87260b6f69d1d567bdaad86cd0eb52b65cdc12d0b57e3efdaf3fd6b04d9b0df,F,1968-01-08
user147@example.com,user147,4a0ea7deff5886024fc92b01841c0c4db644e0e1b9b2cf2f18c85a3940b99c67,M,2002-12-11
user148@example.com,user148,c07b349bd86edba635b46fb69c3120e75fc236d451f2b67a2244f787f3c24039,M,1980-03-30
user149@example.com,user149,343bcb8bbc35439b97afcde6a7cc8a43656265fb7f522b909a033383269e7720,M,1962-06-28
user150@example.com,user150,39782c2c42a57bec3ba53fa5043d4383db0a3c8fcc962b0bf0b605fb70f4922b,M,1963-01-14
user151@example.com,user151,ac41ce04aca39aab1e7c9104481816f3a310ce7f679ba5c99fc93b75d4b2d829,M,1987-11-06
user152@example.com,user152,3fb71a25455389ade902102a601a5ce6544ba3ecc8daf331f5cba80c0e8671f2,F,1986-01-21
user153@example.com,user153,7884d71c7cb8ee37c7a3477a2bc169c6261203484ba5abddb67612dd4cf73191,F,1994-04-21
user154@example.com,user154,ee17ef49a885017b9e46fcb074d2404cfcdc1dede76f7490d073de0d3116e5bb,M,1963-04-15
user155@example.com,user155,0aab8e3bfd4469bb74cb767004e9764656c4cdaedcb0242bab16df5ee0a8e9bb,F,1981-03-27
user156@example.com,user156,fd24d4db7c2e63abb9e3aefcf9083fbc102d754babd3cc978a84889259c5ca10,F,1955-07-22
user157@example.com,user157,0fd770e4689c762cc8643d16b13e9381559a5ede8bb9159edd33885a67f5427b,F,1981-08-19
user158@example.com,user158,5a37de8a338095235fdbac43ed8f5dd66352687a89ec7afc67b4f433119ad705,M,1999-02-17
user159@example.com,user159,ebd3e0855abd39e87818caaa0842c7769729610aba5383db8bf0e080b28d3c58,M,1990-11-13
user160@example.com,user160,01d40ab4563cf8867bce22218915d6fbb2fcf73743d02719b613245f536d7d55,F,1981-02-14
user161@example.com,user161,03c91432d1d0d8c6321f87be59f579f9795396aea5c931b94b63d892ad99eb2e,F,2006-12-16
user162@example.com,user162,71514f16c72710389727d461405a7fa264ad8f26ecc316d59a4f1746a8a3b3c5,F,1994-12-15
user163@example.com,user163,4a3ebe84d6c4ef1de101fa949c48e36761e862212048debca52c1f56f95dd7e9,F,2004-09-17
user164@example.com,user164,76809ba76e27071b07984694c086fbfe96e05a3e5972df3ffd3ad21e67f3441a,F,1999-10-31
user165@example.com,user165,26f8a21e4fd91e70af8c9191ee2247fcc2fa70e8d4d002e64354f0e12b86bf7f,F,1967-01-23
user166@example.com,user166,d5dcd09a57d108d92849796177f580321f3f041d7d0fc8bcc55a09c90f1f2c6c,F,1956-03-22
user167@example.com,user167,e2fe94a6b8e0c6e3eb4468f2f41efb2544e39f89e75fe2b023e7d95801a13c36,M,1958-01-21
user168@example.com,user168,d60f4284b3371d77fa4209c0568cbc4bc98396eb1d0e177d1c8bc82181f9e282,M,1988-06-21
user169@example.com,user169,393f76861989932af59802936b225c1ad86e8f9842f92f9a44a5826fca2b71a4,M,1988-06-24
user170@example.com,user170,71d34df6eb5d1f321c1073085e483cf83473c32f26cb4b679df7f1b6a94dd59c,M,1979-07-28
user171@example.com,user171,41421a74b0661fa199e6a7292915635c8cb3dc729c74f32276821f11e1d71ace,M,1955-07-18
user172@example.com,user172,6efc7b1ea43fcaf2d346bfdc210d0f3cf87cfeafaa42ef4b3b4a201aa32a9a93,F,1961-02-26
user173@example.com,user173,2effe29b6637c5ebb0088326a00bc3d97f70b4812309ae809135ee9aa44dc1d3,M,1958-12-04
user174@example.com,user174,e693e166efecaa8a285f0f2d63208bb1217a5123f726728058150cc3bc457c7b,F,1960-02-08
user175@example.com,user175,ef05e4d0667422380db12689eeb072249199867654b15ab9a05a34f4b75efaff,F,1964-01-24
user176@example.com,user176,4dd875d2fd6fdb3d6dfff963e2291508f2f7f912dff35d9088e35cb081efc3b7,M,1973-07-06
user177@example.com,user177,aa134f2a023c46022c038bac8bebccba6d77bc2dd8dbeeb26338cf54d6c724b4,M,1998-12-20
user178@example.com,user178,b92646c7a53f3a68054f148e492aa545ccb8cda536e962b708c133d036a598df,F,1992-02-15
user179@example.com,user179,e7314c05d97c47b245c2d19bd2b567f120c989c2594a47a76fa83e1760d53f7d,F,1974-08-22
user180@example.com,user180,c4e6754e548d85dd722e8865ee2b303d7c0e971ce71d978ee9cdd54a8e97b112,F,1961-01-06
user181@example.com,user181,eb03e8a418d747d37943fa3dc86eda9d140735b01c80cde2c50d0dc5280ef75d,M,1986-04-19
user182@example.com,user182,db01fe93952fe741ba69e006741e13e019701e5d2d0cb90201a2358b60e67c5f,M,1962-09-24
user183@example.com,user183,8a6a21b9560ffd93c20b9b163971a8ec598e37aa988d686d0671579007c19080,M,1974-04-13
user184@example.com,user184,447afec65cbbb3823d38e22337cc3c4bfe4f8e8df6b2f6d584362eb5da8b0f48,F,1989-02-22
user185@example.com,user185,ac336db8f7107286c2f628600c5c7705df98f9ef518704ed49a7f3157d094011,M,1955-07-22
user186@example.com,user186,888924bd9eef8debd777de048db1486e7ea4c47621f0bd1c3c62e80cd02f7d83,F,1967-07-29
user187@example.com,user187,bbeeb61379df7f39ceda0042da1e453a8d02e1c4229d34be7d990fb4a35cfcdc,M,1998-03-03
user188@example.com,user188,6442b8758d138ddbfd2ddc85c094083efc045afd4b6994689ef383836685bf7a,F,1958-07-04
user189@example.com,user189,8a2e7f526625899c5a679103660c6e04fe30ce3892c4ec8282f1ce5cb9120bd3,F,2005-06-17
user190@example.com,user190,a4ee095ea8d43d511b1f8893e11e1ff3d5db86e0d5cd84abd682f1b6a98b4913,F,1972-01-03
user191@example.com,user191,7bec306922b536a3d02390de64d92391368bad662a52ba27b5098e10fee24dfa,F,1987-02-09
user192@example.com,user192,12fdfd75f414794ae20cafc2983bc125685c1d3cece436bdd4812dbb65173f3e,M,1980-05-31
user193@example.com,user193,538036f686f5d1af2422b5d53b51330a0391145ba113ecc64c4d1c4940d2ba66,M,1969-07-01
user194@example.com,user194,65b4d5ba348b9482638ddf0b92b1be4d641d48fb8ed24e009160f303a214473e,F,1989-04-07
user195@example.com,user195,d488254df6fb6e457031889c3e2a8aa903b1a40862803c9add5160db896334e3,F,1991-05-04
user196@example.com,user196,7f56c19b01edb7869ddfe6fb69dc9f87fdd9dc86381c28ff9854b5bd88a79608,F,1990-04-24
user197@example.com,user197,30ae172c899816b396d00e6ec54177c9ddc2122a0f94b09c8db0b40589264e41,M,1982-10-20
user198@example.com,user198,17bd798b29a45fe21d947a1b2d7f8c2d079040295cbaabcdbd21bf5e5deaa081,F,1972-02-08
user199@example.com,user199,37136b2c492c4b62450d201bccec9b5929bf603ab00762decab0450740da937f,F,1969-10-08
user200@example.com,user200,c250a3d164c019431ec4c2830db79f8d86af3705b6e6af06a4d60c62c54bfd0a,F,1998-10-01
user201@example.com,user201,40ae449aa3aad318d8ba6cfa4b80cf2b2ee25512525d47f2db85afda2e0135c8,M,2003-05-01
user202@example.com,user202,a8117a3a76bd3110dfa4b46b3381c1489513c1d2ab1a634f5f1f73346dceedc8,F,2006-05-24
user203@example.com,user203,8fd786891138fc1bff46a8e2dc03fd8740258e6d448878e0d607f4bc326dc82d,M,1956-01-26
user204@example.com,user204,a7f188905344187cdad5c0830fbf40c638272f023d85934a736be9d18a479268,M,1963-02-19
user205@example.com,user205,66d57a69b9bd871f7e8307ba842bcb31f557f116b15dc65850a9d6c9a0909d7c,M,1968-08-31
user206@example.com,user206,a4c149d3c51fddf342bd5e918e4ab2dc637da157c75025e1dc67eabd1ae7f9e3,M,1982-04-02
user207@example.com,user207,4e0d0fa73c8aaf9ad2fcc4b2e613af981170bbfeb14c401143e0c014434806c3,M,1991-08-09
user208@example.com,user208,ab514ee90b5ae2627e15f642a9613c00a12bdb13040a4092d96e2d9f10c584ae,F,1973-07-21
user209@example.com,user209,3c659fccfaedf2e6a4ce78c7efaafe95309161d735a44be2160e703167b403b3,M,1969-03-08
user210@example.com,user210,5c941cae4b176c8917e8c4248292f72c90e18932a52ae678f3cc89f6caf99811,F,1999-07-02
user211@example.com,user211,9a0283ca9ce52e9b2034fcd4c1fc13e16efb62740f55a75aaf640ad7f3baea14,M,1993-08-12
user212@example.com,user212,f0538b8a1b179424134f4b93a15b831f6fddb86dcb29ccd8cf4827f216ecc1cb,F,1979-09-01
user213@example.com,user213,23896ef6c85688d496aac081cd04eaf2d2830e6d990163d50ada25eff1973e7b,M,1965-05-18
user214@example.com,user214,a6c28cda57e401788cf9bd97634bcf0cdfaf3f890ba5fc858b3bb0ef3949635d,M,1993-09-11
user215@example.com,user215,c295223e3d6d6a73de0addb824a3ca875321e7547e31e1b0b4169a43cee68feb,F,1961-05-28
user216@example.com,user216,89000719154cfe5539e4b4d941a81c783b9a550607b7ffb9c4ea6c16e472f6b7,F,1973-11-12
user217@example.com,user217,a24b0fb9b357e198c498f6ee5047535e1492ce53159f69e59ab0a1f60ac76c34,M,1996-09-01
user218@example.com,user218,2089fa44cd2072772a09f4ed3f3b4e9c942adf0656eda82e180b91b608b61884,M,2006-10-17
user219@example.com,user219,a8e27ad511995433128549f09759c57fce6a171dd6ac393d8d88595ef23977c6,F,2001-04-06
user220@example.com,user220,03e04801258aa605396d3b24fccac9e8ab1f5c0628334fc4af1f57ec04ba0d86,M,1972-02-02
user221@example.com,user221,ee09be30908a0897b4e0331c6e26edd2f8393ac1b2227521ae7aa8ceda3162ac,M,1984-03-08
user222@example.com,user222,3728c52c050f2c02b1483bc17be9a78c8b1176cf96b2926aeef86fe32723573a,M,1988-09-04
user223@example.com,user223,70a045af6a22f8f3570e3abb5543ff9e12e405e4f54f7f097729535439eeb1d9,F,1965-12-13
user224@example.com,user224,ea081033a6952a6e9065139211f4271d185659a6bed5beb7f9631eb22814355e,M,2000-02-16
user225@example.com,user225,59f2b7defb34b2919df35d229f10906921b9a76791b6dd3118bf61440c15d113,M,1963-01-02
user226@example.com,user226,2ead0eccc3d696ef12802596488a3ed8d90f3566f58a7830894ecc7e2730e180,F,1958-12-02
user227@example.com,user227,b0aa6e94bde0c68dbcf2c0a36903d37cfc80d803475b8d05175de9bc97b48a8f,F,2005-09-04
user228@example.com,user228,34849ca0fb910f2fa6206923cf0b4d81c834ebea11dad55471e613243d41b571,F,1988-09-15
user229@example.com,user229,2b2bc262e62df033fef51c2c9077916aad914ce24be2df0de09c986c277c7ec5,F,1967-01-15
user230@example.com,user230,f24d0f4253befaaa606514d93d89e713d987354f0ef435a2f2bdc68b30aa5e48,F,1969-05-03
user231@example.com,user231,bab05eee973506176d55ff4fc98a98deca29b964ee7831c2a9294d2e0a732388,M,1977-06-21
user232@example.com,user232,6ce8dfafa861f2f6fd7c4a271c8386e26fb2239954a66c2cc9102212914a91a3,M,1964-01-20
user233@example.com,user233,249bd0ed32f2b8d5bec9d93d6a4ba3144b3d0d1fe8a7d908ebe9e5c7c3b5b5ad,M,1967-10-12
user234@example.com,user234,f8d1e1cbc3da251e2c6ed30bb5d8f02e24e30e6945c4481f6f96ede265c56344,F,1980-11-01
user235@example.com,user235,c9b400ed5dc007853b864354a1b5149d6b292c47d7f20ae2f39f8142c7626bb4,M,1964-02-14
user236@example.com,user236,f76cad571c6a07a54fbe5999c7aa9ac70d7a3d487d7790cc7eaa0e554b90604e,F,1958-04-18
user237@example.com,user237,7cf4b7dd2844cd1ba0b5d802194c674e5d25348893e57c08676045e1221da6d2,F,1964-03-14
user238@example.com,user238,763b63de020b6e6c762395625e875dfe049da09c509da5c73909b612ddb1fa80,F,1957-05-18
user239@example.com,user239,feb220079a69fc545c807fc4513bff021022bf2af616bbd7a564fc102c8511f9,M,1967-02-10
user240@example.com,user240,2e1aef8f38fec0618cde010ff32b7734bb7758464cf46f50e067a17c3af10d75,F,1971-07-20
user241@example.com,user241,d4c7a76618086ea0bfbbaf89e1b13f439452ade2e616e49e35718407e702306e,M,1966-10-20
user242@example.com,user242,95dce3523f98b08ac0e7d3d712e544ea3bbfd0eb79fb1e2a779784c26575ab34,M,2005-04-22
user243@example.com,user243,04152d54ccc5d1ba7268566e99f137c2336626f19e64923960656217ff56e300,M,1998-10-30
user244@example.com,user244,4be109d707b5a6597c23d98f4742b88563bf326e692bc46fbc55b4cf2e5e3050,F,1974-01-25
user245@example.com,user245,1439ef41008dc19f8ceab1b3e774b3a6c190eca0e3b4bd594a5d03a36e92662c,M,1993-06-07
user246@example.com,user246,0b1eab8d257ee3897408df09cb2af39104b90016c92554f06afcd358b88e2412,F,1963-05-24
user247@example.com,user247,27dec75170991db5df5729b6e15739b89dbb1a0c9695ad1d896d397653b41f66,M,1988-05-08
user248@example.com,user248,c6a0e9875817955afbfa2f12c7c2c2475caa2fa65dc8994c7bc90a7945aecdb4,F,1983-05-20
user249@example.com,user249,e0c2841d1a77a1e26d20ea7cd524ff1d2f1840f4c6363bb7117f582b231bc640,F,1969-06-01
user250@example.com,user250,f1da951001a553327e1b62a4e352f2c14841ddc7d8ab198d62b934765396a056,M,1963-02-01
user251@example.com,user251,ec88ff98cd86a8c26e126c45bd6937b17fa5a5bae479a115ac3948ee68e1fc99,M,1958-10-23
user252@example.com,user252,0e6ed2ed24477c6aa1e03603cb8111cd213b13ced5ffea47df85d01f23b9479d,F,1978-05-30
user253@example.com,user253,f3d53f26c3bc01f363b1771bf5ee36f2f0f82b910a89ff0b6786e320858d0e4d,M,1956-11-01
user254@example.com,user254,155122c0448f434326ba3910c1ff58973a61b316daeeda3e40a8c1afcc67fe85,F,1988-04-12
user255@example.com,user255,9a4080df7ebfc5078b2b6368c86fd196a85dc964c7d3c262ccfc2b8d4887d63d,F,2002-02-14
user256@example.com,user256,3afb642ea6b0293572ba3c69cb70088189a7f06c6723c827c3cff2e85a7f0226,F,1979-10-28
user257@example.com,user257,2662b46049b890d7e141403796c88a1e3e43776cb2bbe02b31ac03bb03b312b8,M,2006-06-07
user258@example.com,user258,2912e0a58898304d79a6af9298e7c676d47fea5dd1983bd25a03141430615913,M,2002-07-27
user259@example.com,user259,14ba926dbd33d67a668335a15f5e8762d6619a9b98a5e44dcecdf53fade37903,M,1959-03-26
user260@example.com,user260,c071114ef1377f6c7ad9746aa2f0c9c4d41709f002e6a804dbde03de6d9fbb30,M,1988-10-23
user261@example.com,user261,b54ab17b55785692add54513a320809ce573dbf97eb21284629d3bbb48feb859,F,2005-08-29
user262@example.com,user262,68712a262ca71a0fe253e2cd502a211ced3fd9559b0180628ffc4c336e7ff4b1,F,1972-07-31
user263@example.com,user263,76254eec987414ef43155ce5b0585529910129a72f551ed0c0fb0bd5c73da2e0,F,1992-12-05
user264@example.com,user264,a91e802c2fcea41c03447579c4f3f970ebda1ad2d97f1f731147d355aa93f16a,F,2003-09-12
user265@example.com,user265,9745cd717fe90b955a5bb6dfad7467eebe3426a01d11f5e8c97db716465a3fb0,M,1983-09-22
user266@example.com,user266,4fcaaa18cd12df0892e9fbaba631d3a0528d66ae87da20a99ef46c4340ff93b1,F,1998-04-18
user267@example.com,user267,f9f1f6a9d37088243fe3ed8668e34e036fd49b452a751b81aca0b9f7ffdd68c5,M,1991-06-25
user268@example.com,user268,ab12b0ec6e99c9c85aa5d4d4298e71efac4778125b38fe5b2e236166cbf8b8f5,M,1995-08-29
user269@example.com,user269,2894b60299e9746b1768d3bee611d32e2fcac034d8ed8d0abdfd4d33cb87fbc7,M,1989-04-23
user270@example.com,user270,e279347d6a7807dce38dffb6e8004940bc88fa30606b7936626d1085b723caf0,M,2005-03-28
user271@example.com,user271,79e0483622aa481117391ed5fdcf631fb81dd024832a5d52bdfea899aaf3df36,F,1989-01-26
user272@example.com,user272,6a4b388b3dbef99a400b926b2b2321140bada7b83d9b635dd8953925ea2f206b,F,1954-10-19
user273@example.com,user273,7e8d50743861c6993f0b9ac3c35cfff9f676e438b5a56d57867accc2126a0b96,M,2004-10-11
user274@example.com,user274,3193e5ca978f55ae5cf5ef1f58db31a648f1cbd2175fe226817bf46db054b8d6,M,1988-12-27
user275@example.com,user275,35241c42d6be7bf8a1a650025ad26aa7dad1aa7da7f8473b69ae2a36e525a47c,M,1961-01-23
user276@example.com,user276,efe281c2f8a37a40b3aa0f03b8ea42277d6634addca37bd3429464d9fd385483,F,2001-08-10
user277@example.com,user277,385723abae2d53017771b693564f75a49fda4ba037bbbc6933d336ad4c9a1b8b,M,1977-04-30
user278@example.com,user278,2e149851efb7ba0a822067e212c3dfcc35de4002c4852ae4b69a5aa5f78f0b4b,M,1999-10-18
user279@example.com,user279,e921c5b3009c470d7b8c88aab51d873970e153b0fb1714019e0b0ea39995f21c,F,1997-04-15
user280@example.com,user280,8c0c3462c5d0b7e80d5c61f19c3e9339393ca0b4c1793a84768ab72dfe232d55,F,1961-01-07
user281@example.com,user281,8fb2dbac8796823c8bc72efc5e78a43a1ce6ed00840847ed66b76dc27d7f7440,F,2002-03-22
user282@example.com,user282,b1ea7a4647578ecabaaf5ef59b12f081b1f5e05c7b394cae9fd56d4e69bf7cdf,F,1965-01-11
user283@example.com,user283,8570ca889cd0f0307845aff4a49d6777d3a61b28c5c1113c48100f748ac8577d,F,1959-12-22
user284@example.com,user284,02bd3edad533b566a5fc2f01a929ec6806c94ecf58f6ed1bcf7b5b8f7ef93a8e,M,2003-01-07
user285@example.com,user285,7aa1bc5ae0d4eedbe9329bc2ad07dda6114562c58446b889a8e6fff77ccccb89,F,1959-04-21
user286@example.com,user286,d37f8f799de69a05d69b4b3617fc3878dfa5a930c949a573dc023eaad9bcfd21,M,1959-09-21
user287@example.com,user287,b48cfaeebe0b9f9373b6ee589941a7d4968c8074778ec0967eb34ccd71eb9393,F,1957-01-07
user288@example.com,user288,ee3f5542e76c08045957e7437831ea1aba2d9c3f5d0fec583cf3674d41178e7e,M,1974-01-09
user289@example.com,user289,b787a57eb1a225c94c9d34ffeb3e781593ab2631ccdbe1956d1db8bbeb3a329e,M,1975-02-12
user290@example.com,user290,361adf1eb36c1ae7416133efc841f80f78059d26ec1b5a8d25c4ae2e968c69cd,M,1992-05-16
user291@example.com,user291,55d96b85f13cb2431c5fafbf10354ceb8ca2a07943fc04c02ceb539a01c24937,F,1954-11-05
user292@example.com,user292,b75ca20eb7995b6500a76f9988f020f4a6594d5e56ca6c360ae88676afc070ed,F,1997-10-06
user293@example.com,user293,3ab0138897cae18224de639772d6e0c30bc556cc6e726ff8ada377f0643426f1,F,1962-01-04
user294@example.com,user294,a9fbd2cc593b5e7dc36c538e16ccfd01ca320c52aed9926d096bc5727dff1927,F,1989-10-30
user295@example.com,user295,786b5cf6aa7f1c7cbbc31b8e6bc37681c8e160782a003f05ad2341f8ed675d4f,F,1958-12-22
user296@example.com,user296,1e7c40d2e8b42c89a4c1c4f324946fbe351cd1f1694895923ccd24df608621be,F,1965-11-23
user297@example.com,user297,9ed6b256398ea20c67921324ce03914b92514074dd16a8a0b2765e40272e0ae2,M,2006-10-18
user298@example.com,user298,4a86ff4f044545985ab8335a0e522e42108053375cb354f60e6860759413f300,F,1967-10-11
user299@example.com,user299,6f1fa3f99426854504af4d35370a4b3499c63b09b34f8276aaa72fbdfed368d0,F,1983-07-01
user300@example.com,user300,17c6b9b6b4b4d87699b9fa0810d693db6dcd16fd6c95abfb3d9d392abceda864,F,1967-05-12
user301@example.com,user301,1626cedee426e5acaa97305441858d189ade655f50c930c54ea5cec51cea1752,F,1974-12-09
user302@example.com,user302,e073e3ecee4fdd2553692410235406d7e97cc491e9fc8cc37887fa65615b1866,F,1958-06-16
user303@example.com,user303,73c1c62d69eee9f7ea54a1836b81e39aeac13198afe373c23816adc7edbf4c51,M,2002-08-22
user304@example.com,user304,48dba86315bb9843d813395185872e23bf1a31e498383113ebbbf5c250fd71b5,F,1982-07-09
user305@example.com,user305,7b7dbd5b18d546898e52842453fff0d40ea08da337a2fd813ce6993385ec6358,M,1961-09-02
user306@example.com,user306,0b433f0e67c589042cfeb229ece39a891173f114461fb32ad09d784c60cb78a3,F,1993-08-22
user307@example.com,user307,2dc2eacc9c5a6823477ccfc4aa1d26bc5757b6c7820115773e17407fc0269c61,F,2003-04-30
user308@example.com,user308,f7049bc49e8f47e1a662a6ca3b1728dd2a40622dd6c840992c566172099b287e,M,1963-08-25
user309@example.com,user309,e2524e0915e0e39aa4102c08a340fb5f2307859c6592df59d01755c2f2f0a18c,F,1990-03-19
user310@example.com,user310,818bcd8ad16b1a974018b94501acefe754f2c95683e57020c4ddd3490cb00f58,M,1983-11-12
user311@example.com,user311,8884841e6f2be8bca3ea48473a695c12ee8c448370f5435cb3b36f784aae1b98,F,1997-01-11
user312@example.com,user312,054c1d313dbc9e5287b42df91b88cc5f20941b30e0fda7611103c7d06c56f0b6,M,1957-03-22
user313@example.com,user313,803de81866d3454d31f68576272814c8ab2e39e2a275ed2050bdaa13c2789b06,M,1991-07-16
user314@example.com,user314,6078566d4dec49cf9f30f3318c7057e9d9641a41d20b92b3bb81e0de53502c21,M,1992-05-25
user315@example.com,user315,fee876218d57cb25984be57789c604acfd5b7b602aa9f71c57b7879f97d35285,M,1993-05-18
user316@example.com,user316,026a7018c5abc231c3fbcbf50ab47a0821cecf847b6e6d74e0b5fbf16db4970c,M,2002-03-08
user317@example.com,user317,3136880ade4cbf429976c676b5d843bb60b5f5610fef007e385fbab25722a623,F,1984-06-28
user318@example.com,user318,587fcb6196d83f1516a3dead578dcc0471d9fd90c861ab6c632818f3fedc5402,M,1973-11-28
user319@example.com,user319,4df716911f4cd09026a15c4882ebd33770a4717c668f83c9cfc5c96cbc101f5f,M,1986-03-21
user320@example.com,user320,b962e06d79693326855869761838b59910cf39ec49bc313f1d611a64bbe96547,F,1954-11-29
user321@example.com,user321,2288821c6b799cf47a8c9aa231f361ffb906bbee0d5fb5e1767509e27442cc62,F,1999-01-23
user322@example.com,user322,c53dd34fa0a2a342b361a0efa2a982e76cb5c334f2f035befd435e85d5bb2bb5,M,1987-10-02
user323@example.com,user323,f1c1318a631a89920ca83b8d2304c6bee176f6eb864f008c0e1148ec07a15589,F,1957-08-29
user324@example.com,user324,1c6f84fe327c3da736d1fdcb2ada165a9cf86ac2edfad8b300d8a64a70d2243f,F,1970-08-06
user325@example.com,user325,abc4c69c40e5f92a0b0dc54c29254e88ef244ff387bec7bd6f7f91a7b0e873fb,M,1977-02-23
user326@example.com,user326,906b056cdcf23234d096bc9a1beed9025097b37e9b65b5407a3a6fb37c948e81,M,1986-03-27
user327@example.com,user327,e4837f8a9809a6362ce66c439acdaa8d2fed3a79639db1d174ffa1f49d161c30,M,1981-04-23
user328@example.com,user328,bb0f7f0ffeaf88edfd38e417d21294812563763805f18912863449b0713f9910,M,1996-10-25
user329@example.com,user329,a77e31b924d793747d07ec9c3b3352f77fc878216e0e03b271498493b354832e,M,1958-04-16
user330@example.com,user330,edee2245cd7af111ba5c27d018fdbdf8d1d3de8a0c3826dd44e59103dc33f2fb,M,1991-11-07
user331@example.com,user331,5e70d77935f437c114513508a0851cd8a83f8e203d2895302309962abd040ac1,M,1973-02-25
user332@example.com,user332,ea5244e497ba1b6c2355a34423141c9c4185d89adbbd99f04be27e38d568f3eb,M,1988-01-08
user333@example.com,user333,7456950b32a9770cf2b15882647416591f37bcbaa31abb26d84d485fa15f682a,M,1974-02-20
user334@example.com,user334,f4e7e9e7ea19beaf17e2032caf632707bf11055ad31a744c56abcbbde234d61a,M,1979-11-15
user335@example.com,user335,94b29e29570e92b1639bb7ad13ce5fb524e191c922297ce2a7dd890697420e1b,M,2000-07-17
user336@example.com,user336,59a55fb92f7992f48d8af847629034753ba9b8e540de70263e37aafc9951bd65,M,2001-02-13
user337@example.com,user337,89da8cc8191dc5702bf0a7ac64b54f8e068dc9da08653619f82fca7581fab8ac,F,1979-01-29
user338@example.com,user338,55de8631ce24dd4864d3568fc633495e5c0b7c2b1c2ffce08bbcf170951e4bfc,M,2001-05-22
user339@example.com,user339,7eaf687e89c25deb4f416fbd2c3bdaf00c6491ee0f422c2d7cd96ff1d75620d0,M,1998-12-19
user340@example.com,user340,a97e914836fb1657a8854c321299947a74e587cd21cf6522d31888b30ef254af,M,1999-02-24
user341@example.com,user341,75be63ce1e2f8fa6a0ce9d54a75bdf80facf48093512a43f467a30dee616a59b,F,1971-02-28
user342@example.com,user342,657f88465bb1328d787a1e9ec2362ac70895396002f9e77df37976b0dc8ebeed,F,1999-12-29
user343@example.com,user343,d4ae8c72d0ba7d9899348d796ede04dd7da14791d458861ac2c4058b9dec5359,M,2005-05-07
user344@example.com,user344,28dde684e79593d8f41b58b591c68c8216c5cd3119c0181739d0b8e6daceb525,F,1956-06-13
user345@example.com,user345,fbaf83b74f96ff2522afe3edf70e68f462423500cb035d5584ea192c4043c9de,M,1970-07-18
user346@example.com,user346,9af68a5937e958a5d956bc5d105cd95e28b90cec47e6d5eda8a2ae75199851e0,M,1970-03-16
user347@example.com,user347,6fa28fb549ecb0c16f69090d2add1775d2e839615637865f5d7865f532447f73,F,1977-09-19
user348@example.com,user348,e9ad642a15d4997ade322e7c274126b6daf8655bad9526ec8820731604b8426c,M,2003-11-01
user349@example.com,user349,05152f19571518814aceb314f32f505d70603457e2990686c5ad6fcc3508107d,F,1993-01-01
user350@example.com,user350,98ce115a1be248c1139017e930ae7025624bf407c550e6c88a10e12f0b7b53e0,M,1981-10-26
user351@example.com,user351,bc6685a760a427ca2942f9b3cd619dbddaf95beac9fac739d9e1a9e22e6d09ba,F,1958-09-11
user352@example.com,user352,b847dd26211f5955eb49c4b037b5b65369ec98a919e19095e07e3367538be152,M,1966-01-28
user353@example.com,user353,439bb447d898bfce8fb60f9945e009e00eea9546793519a1681d1aae010245ea,F,1977-07-30
user354@example.com,user354,525bf64562f915b0563f33460f540a89e48e2452392ef674cc03c369f0fd1e6e,F,1990-03-09
user355@example.com,user355,9dec0658d9bfa6ff2fcaaa96db410372f81d79aa1a7ce81a3b6c71cd631ec710,F,2003-10-07
user356@example.com,user356,94567ef31a98974a351c0c4adbcf7b5ac6ac9c1deb96d932252810a371f4bd5f,M,1957-08-07
user357@example.com,user357,5d141affa132827ac2be8967897d923bea5b472adb5a8ae094a638b26bccdb6e,F,1988-07-18
user358@example.com,user358,fb6d14e2fa263012891f63fc952d07cf5882234e2f9142dd9be7aac483965a78,M,1966-09-07
user359@example.com,user359,913e24aa2d2ec7208acd2457d417d5c48216df17070187598b2a2da1edfcad62,M,2000-05-01
user360@example.com,user360,5c4fca1279e8a11c002024c514b6ca8c9422b6e3dcb4bd662f64146a9e92f5cd,M,1961-07-15
user361@example.com,user361,24204797bada7751ada95da4d8b797b15c33881d8df091b7b2071f06a53ab790,F,1972-02-24
user362@example.com,user362,7e19cf79124cdc8cec2cd53e45b8f0a4ee3d70b62e044d0c2279e6046beec759,F,2004-02-15
user363@example.com,user363,392b216816463fa337d767390058c03d1e11b1eb840ca9aa916165dbe624b907,M,2001-11-06
user364@example.com,user364,362ac98d208baa66ef8e0751a5b0296b948e9d6f4ac8701785d6f0bde1de4af7,M,1966-05-03
user365@example.com,user365,58fc0f779f7bfb6daf97f076a0c29090c2dbb0d4c31213231f9c7e7dfab2c562,M,1978-12-22
user366@example.com,user366,ae27a648211ae7c7bf669180973b689791ebe0fddf3e360c405e505df2227ed8,F,1963-01-04
user367@example.com,user367,c34e8cc83c86910e979ded29d77210c55b08276775d47bf7852b45251acc1eae,F,1974-12-11
user368@example.com,user368,cf2f3a57f0fa220cd6f51c882e2bc74bd6dae87a79dbea7d5c51405c33db7fba,F,1980-03-05
user369@example.com,user369,2194d66342503b89335185a94eec174b31d5996f6c3721c08e568509b02f8258,F,1987-06-14
user370@example.com,user370,56112fe317c0d95a2ba3486878254daf84f93c70be28cd6f0deb18d6a7510dd3,F,1963-06-18
user371@example.com,user371,4aca774efadeba0f92259cbdb67365219a78f8fbefd4580374643fad94ff008b,F,2006-11-16
user372@example.com,user372,eea03bf4434914b64c88fb773bb93a412a594afc13e88bc6d6ce6e4243e52aaf,F,1970-10-29
user373@example.com,user373,72a8a5d2261a57bf67eb7e622d91b49ac5addb59b93962d2fd279fe766e9c279,F,1966-10-21
user374@example.com,user374,7c96952f33ca8a57aa4b0288b8c9ce78e883511adbf1443d113131bdde8de38a,F,1982-11-26
user375@example.com,user375,d297e94578930bd7b4893c12245bb3cf102c2f3df7e55ac09b77e53f4a0c404e,F,1956-12-02
user376@example.com,user376,7bea41225cc0833b126b8d4ced7adc97577c7fdc5d8a076df1241ceb8371fa97,F,1982-05-24
user377@example.com,user377,3cd45d8bd1894692c80b6ce02d43d202e8983be4f146bf2b5c551d27dfac6ac4,M,2006-05-16
user378@example.com,user378,093ce4f7d1a3df33a8de66b720cfb60b201a3d099646983d70dd32cbfc703e47,F,1971-02-25
user379@example.com,user379,919d3f077eb4f9a375168ab20d0f65eb29ac7b4e469e7d9a45f54605a788bfaf,M,1968-04-11
user380@example.com,user380,39a4f20b6a03228a851866adf59a7d6e38ba1fcb24e61d47498c74616b98a705,F,1964-11-10
user381@example.com,user381,63cd0d8e25e01721c1a6124eec749f4053a75c6e17b256e9e9ef43022c7acc95,F,1990-08-08
user382@example.com,user382,e4c4bdc27664a663fb54c8cdcb844809d2652bcc441ae5ecd70b7188e39d70cb,F,1978-04-11
user383@example.com,user383,d34e07a6483f0aa2f85cdc36e2151473951e6f40a953f14ce09d87c998a498c2,F,2002-06-19
user384@example.com,user384,760eed230a0918696a342de89bb446a1c9baa30d8b9a010998caf99d1b67c962,M,1970-08-01
user385@example.com,user385,56fea1ce15e025f40878e2235c407dcde7f6834f6637e9977e674bafb0775755,M,1971-12-30
user386@example.com,user386,6c23b725a1b758d907a4b401fe79ba33a726c9e223310a297301fa0996596140,M,1993-04-10
user387@example.com,user387,38b6dfc55dd98d13261e0a9738a45824f5cfff0a2eb4120731d7ba14ca257221,F,1991-10-17
user388@example.com,user388,a886d8c30ef2759d5d709691458864d912226da54a2a5288319fb5ca04f75d25,F,2003-11-24
user389@example.com,user389,0d4afe71ef4a08159928b82328894e697de41289432bb4a9e88d41ab58ff39f7,F,1988-01-04
user390@example.com,user390,580e069037f8c24cd9ddff6b75381fa7ac9ce4b28cad45c423c574aeba4b6dfe,M,2004-01-24
user391@example.com,user391,aeb162b968817d15c4166d1703982583b6ac22cd97c318d66a355d03582eb8a6,F,1984-05-19
user392@example.com,user392,c1d0eb5aab62c07b0eb00f573dd4797b8d2fb5f91c57ce6ad3e320cd043a5adb,F,1992-04-22
user393@example.com,user393,6b3d13b404f7f35dedf632640052a0d200e3dd83502acc04aa449dc05cec81df,M,1981-03-12
user394@example.com,user394,6a52dcb30f4034fe9bd2eea36d020e58d0b0d59eb31fe1cdf4347225df6ae9e1,F,1986-08-28
user395@example.com,user395,7d21037c1470093f3d8507cd7698fac8833bd9116ba3a1cf3a7f18912ab7957a,F,1972-10-19
user396@example.com,user396,ffe15ca57608ad91cc6f51ca22bcbe3dcc9486ecee4e8be3a04136be36aced63,F,1989-07-06
user397@example.com,user397,70a90bd68dcaec11d754c84e6fb6daa0216ce3ef72ec2898c196cb22b583ec62,F,1980-06-08
user398@example.com,user398,91443e6f5beadc4574ef5a90c9a098f90251d6f8bab35f86b259114081e77903,F,1972-07-05
user399@example.com,user399,76d7800c328ed845724b0e9332f7104cebd33ad57e918a20b9884aff1053e0d1,M,1972-07-14
user400@example.com,user400,6dff5e1c6f7e4795fadaf4602bf2d46a200aca7a2e2c1b165c36bfc848c214b2,M,1997-04-27
user401@example.com,user401,439f3fb046b81ecb4ffb6b0382f64fefa5a41c8a5239da33e292031271283b83,F,1959-06-23
user402@example.com,user402,cdd3b87638c362707b943b4cd7ded34c590173a072bbcb9ee1fd55b568f2b0e9,F,1966-06-09
user403@example.com,user403,4d1e33675c2ca5b7b5840065571da6ceb72993464a20a7c6a25abcc42f27da43,F,1986-08-23
user404@example.com,user404,ce7c0e44345a1bbdd7735e34fbbca0aaf85502bf9cf12de2463cfae605751328,M,1979-01-16
user405@example.com,user405,68ab110bb7761bf6e154a038d5bbe8d66fbb84d8aa3573078297dd3cff1838ce,M,1998-03-30
user406@example.com,user406,9167087fa806823470d6b5cecda6c4f413033d3dfe1a6f916d67771b523dc49a,M,2005-01-14
user407@example.com,user407,9eae7c5d6311d48ec32a84dba653faf5c8fb0ab7a12f4e8d2024a90249681850,M,1986-05-28
user408@example.com,user408,300526bffe3eccdb81b1ed658ba7c2e212a8b6df2deaa517ccb0d22058d1a56c,M,2005-06-01
user409@example.com,user409,14c045e3815663f838912fd0e7590dbf102a845dda1e63c9766af2302d743e07,M,1983-04-08
user410@example.com,user410,96158538c3fe3966ba8e304237e9332ec10f75f85a562d67f193cca77f293e28,M,2006-10-30
user411@example.com,user411,dd03d89ee4347015aa574a789d7ed923e20be34b3eaf6ac19b87651ce49704f7,F,1966-06-16
user412@example.com,user412,2f3cd6a29d42a30323b191a809a084a9b245ab57bf0e2cc615337f5b1b5c1d41,F,1962-07-31
user413@example.com,user413,cbf4151013d71a0f691d08c113de2ab370ba09cd3eddea45d43a1c69a93a23e3,F,1969-07-23
user414@example.com,user414,1498c3779f1b14c8771263c848f13a1e309966baaa3d0e3cfee7e69c0dd9c636,F,1967-11-25
user415@example.com,user415,2edeb27d51fd986fefc0ad0fd66cfe5191f60dbd10322f242018370fe018d862,F,1992-05-04
user416@example.com,user416,b4a0096a872d069ddbbfb3039bd595ea31089ea4122f77491f03cf9408b2597f,M,1956-08-05
user417@example.com,user417,e9137ed3450b31b15147c197a46002ece7069a16a303b24e4fa124ae576614ef,F,1971-02-03
user418@example.com,user418,8e8ffd50330f5ac1597bcaa0c05fdafe256ca90aa27b3c61c1d2826f1184b3d3,F,1954-10-22
user419@example.com,user419,362d458779708827dba83ecade359c8a188d90d6e8500f5ff8abe93be06f5f7b,F,1975-02-09
user420@example.com,user420,50c4f4a5a57715124c37417df5abbda79b7496ea43b39da54efc40668b56f836,M,1995-11-26
user421@example.com,user421,835f96268a1d2ca6c827a88ead206ab70d6feb35cab93c728cfa046f8953ee22,F,1965-10-15
user422@example.com,user422,9c20d0b34397819da5d7535abaf0efdf79b674378eab8b64fdbcde50547d4575,F,1984-04-07
user423@example.com,user423,845457f91e34001256082cdce959e73e35cd5fc2411578e9819a149d6ca0c801,M,1973-07-18
user424@example.com,user424,feefa3ba3ebef174bfc5cc4ef039e47b82cc1b1ed0ff214a7426860b69a5653f,F,1987-01-09
user425@example.com,user425,76b9f8edc45dc87dc182a3d49fe6b4943e376895b1c83b64ff80a5052a8104f3,M,1968-08-11
user426@example.com,user426,66d8aff1a7f7e05d6beec2d5ed8210f8080758579d8d0e7f40f11d09f42b3058,F,1996-10-28
user427@example.com,user427,1ec0de55744823ea7ba42fda579fc3912aeb7f139dd593cf992e1d42e6d304ed,F,1963-10-17
user428@example.com,user428,5ebef998d931adc215de07f1c4941365e830bf31f19d91a785abdd765e52b464,F,1957-09-29
user429@example.com,user429,94f1d8d177dcdac49d2fcf1d7fdcda69ddcbab274ffd7434de50e123fdb6e3aa,M,1984-09-09
user430@example.com,user430,571ce91c68128bfef6a3d7b5964b2a0423509c25f2af67e060abaa5812fe2f12,M,1982-04-29
user431@example.com,user431,6f35dfc5cfa88aa5f402ad7d350c642286e88d1f4a5f4241746519616f93e046,F,1978-07-20
user432@example.com,user432,9752acdfb7067071fb356b1a7c40fe4dc25133cfb520d2fc1f107c846c66a6aa,M,1968-08-27
user433@example.com,user433,871d10dadb6e7916a9b6a447b90426714fe562c5d8cc77b3bc3bed47ff976142,F,1962-03-26
user434@example.com,user434,6e1e194a115a31f9158d617d6d3bf7052c28e106da9c677a28e1a197346d04f2,F,1992-11-18
user435@example.com,user435,6b5226a88a2a09ee916dd80e3551ded394f117e917584526ca1b093e34b15bf4,F,1989-01-05
user436@example.com,user436,cbf7a0b149de0854d6017ea9cb93f2bb9040f8728963dbdda9f29466d1c4d905,M,1979-11-30
user437@example.com,user437,18561b619f6e04f686e9631462a5a23964196cde1f1e64e9416be701977f5c6c,F,1994-10-28
user438@example.com,user438,d7d8599bcf6a606f2c49411c01fa3abea1e616219e70382b707660fa1b497578,F,1971-12-08
user439@example.com,user439,4789f106abcf858bc4b0702397b31a8529a50005093c11ab43a9da1b91d98feb,M,1989-01-24
user440@example.com,user440,ff1dbd6610c59b06a5438ea9211b4af00250385972166d93249f4a612c849a60,F,1994-09-16
user441@example.com,user441,0dc371cc058167edfa672007bff0e617775242a50dd0e80c9aacf0aff30d969e,F,1966-07-05
user442@example.com,user442,c8edf8c7d2f4d9429040ce1684ae50c7708f80cd542e0cf9ea30c41e5c253a32,M,1992-06-28
user443@example.com,user443,a02e9a5eead1fe04f239d88453a636f1d5fd859221aac4576262c3730001df75,F,1983-06-27
user444@example.com,user444,06435cf25ab288b7be13b3146fd9393f5f251ac936658bd9a01c8d2978b83fcd,M,1986-02-23
user445@example.com,user445,73dcc64cb6727b70e4ce6423fec0cd98d63cda81362f9e547a58bf6533936cb8,M,1997-04-25
user446@example.com,user446,7cf3af803a3f9c5b245f97af9c2d7dab0f7e3499779363de106045d3121eadfa,M,1997-12-26
user447@example.com,user447,1fb6884591f1ec18e20cd121e0366d73865a7c3d789a00b0aed28753bb67f4c7,M,1984-11-11
user448@example.com,user448,64ae0ac2ef478c2a201910deef2d63ec7612b889269071017d3f2ab306e520d0,F,1966-01-31
user449@example.com,user449,8123888e4a9a312d9d032be2728844b85b58e0551105193d430772697566cf21,F,1956-08-28
user450@example.com,user450,83f8a5babbbf1bc4a5f8b335147c48bb328be24c77d0df5ebc570a9a09f62c37,M,1983-07-16
user451@example.com,user451,7092d1b68713c7d06098ac4b5f85111305655ea24a013dc213151360a33069d6,M,1972-12-15
user452@example.com,user452,5391356349cdd2a48e98a2a0542bb278708c7cc53a00b76455640447350c2c00,F,1984-04-07
user453@example.com,user453,4f8157fd0b6f30a2290970b2f32cda602ed9106f0bfb7ce49d9e6968a6fecbd1,F,1995-09-04
user454@example.com,user454,4585d94ad253f73397455fc21acff53e5a085f1063cbaa4732ad3414a8ba40df,M,2000-01-23
user455@example.com,user455,2ce180a7a45d8a28cb7c286f0fe70c6363c3c4b2ceba97b590bcca757313fbc5,F,1962-09-28
user456@example.com,user456,6b08d780140e292a4af8ba3f2333fc1357091442d7e807c6cad92e8dcd0240b7,F,1986-12-31
user457@example.com,user457,0584faef393dddae2e1733739ffa018d40685c50bc0c32780657633fc5334add,F,1978-08-25
user458@example.com,user458,8b48b2f1512de07ca8735abde935c75389a17535662866c218bcd9dbaec4624b,M,1988-03-30
user459@example.com,user459,d7d57c8e56a58445ef00a1e0b0bc3a026ededaee486152a303e19e18a0013cc8,M,2004-06-02
user460@example.com,user460,9fe5197131dcafd032fa1c30697c8b06ae87680c241d803fab16d26d11482757,F,1954-11-07
user461@example.com,user461,9f7fcccb6da9fd3072b0f4af532e178dbec2d5f38ed28b0722925dcdbdf01505,M,1988-03-19
user462@example.com,user462,6a70ca1aaaf4a5650c41db46717c0f336c12fd581308ad448967c6a5bed7467b,F,1987-10-08
user463@example.com,user463,345be6cac654c2ef22f9202f10c6f9d4c1275bea410c2401556224863c995e04,M,2007-08-08
user464@example.com,user464,3975bf260acf2d0067228daa1263e58dfd05990201c32e6219cbb45373fa308e,F,1968-01-18
user465@example.com,user465,a38e161f8265034d4b1ac230a5a0d6d730d0845d70a9fdfaa604ca33dd243a07,F,2004-01-14
user466@example.com,user466,bb6210f84a9d226e7696605d339edff2e03894bc47f3ce7671137bb778556ddb,M,2004-07-25
user467@example.com,user467,c43e2a9251fcfc3c200fb38073f7c40a0ea4bdb73dc0551f26c9b6b1fa53f910,F,1992-08-20
user468@example.com,user468,7acbf3982fecd3416b0cdc1cdc9675e4aaa0069a1bd26d090139352c8a6f7680,F,1989-10-26
user469@example.com,user469,f922f6bd98d26151b1402a869f957abaa1b107ddec567f2cf2e32709d2fcf903,F,1985-07-22
user470@example.com,user470,c603126a2d9b7a1a4cf3387b0e892ead9ff3d721e102330ec51511e9d705219a,F,1971-11-03
user471@example.com,user471,11350547353ebfde688de40e595900f57dab8870d3bfd30e3d8606e3a8dd95e8,F,1995-03-21
user472@example.com,user472,e2ac2fa3e88af09b8a687e9a7e2fcfcab828df4d897eeac762aba589d3b04710,F,1999-04-01
user473@example.com,user473,6d3d2eea3dee65f0e8779fd80864051fd1130f4da27c330b91d35988c7ac6c28,M,2000-04-22
user474@example.com,user474,90ecd2c4dfa64dcd75848526f787ba43b56187acb1879e23fe9c944f37f79b88,F,1965-08-06
user475@example.com,user475,4ed6449c2b3fb8fb04bee98b0656d5fd3e7d67c7b3783f28fbe511ed2587c84c,F,1973-01-09
user476@example.com,user476,a57953cb21825958eba15bc8a455bb3471d6598445943231944b5921058a0a52,M,1978-08-27
user477@example.com,user477,1f3385e4d0b84704a19a1e52ca0182fd3d97d3921e306e5b1378c9e861f2c760,M,1987-04-13
user478@example.com,user478,6c99eb13309ba6261dfb67cc9d48275035f94061afcb90e20a4589122a7b10c3,F,1982-04-28
user479@example.com,user479,6f09c9a9717cdf2f99b07a2923ad8f42879d94e63df8e1bfd5a4d33ef9fcf7f3,M,1978-12-08
user480@example.com,user480,f646080942d3064151c70e4f6223d86ab7260a93959d3271afe6250022c5e7ee,F,1996-04-14
user481@example.com,user481,71d7831452a588214fe3e950f5bbcdf02bd77649461cbf7b670485c88a88c20f,M,1964-06-04
user482@example.com,user482,78c66549e037a2e00a797c18520366b64415b893ae4d9b626179d87028a5dbfb,F,1996-11-25
user483@example.com,user483,8eee63d35c50a7b2726bb4ed967571178555f9db0b8f4e980166527af9536f69,M,1979-09-01
user484@example.com,user484,d471516acb92ea21229f92d31409e2f4bec89918cc40d9972b11cd1f3d4c8d8c,M,1990-05-10
user485@example.com,user485,0903ba0f4df6c2956930b27649d1bc50b4036f2aea510ccd6941a7c6559f4ce5,F,1968-09-09
user486@example.com,user486,43de88c4818b556ad314ecef97f9ef38cbd00d5c31cf711dd73fd13de11b9ec3,F,1981-01-26
user487@example.com,user487,acb57969bfdadce922aa61daf949ab38be72bc288195dc544bcef303a159024a,M,1980-08-12
user488@example.com,user488,4a0ac087ddc1da8da6d24d31215e50c78ee5cf8f027fb9032afe9a7b82054f89,F,1994-04-15
user489@example.com,user489,14a067da7c4a8f67b5de1abb1d2c691d45dde40e8218d307756312a3ca06c65e,F,1993-01-31
user490@example.com,user490,657a4515176bd6a2629416f1dfdc6d5a3e26c69b2ee4654e346fc86fc882a4ba,F,1995-09-18
user491@example.com,user491,37a5682dd2c64ff3032b498c00a7e2b20a98b64be146d33e1d533f853fc79a70,M,1981-04-29
user492@example.com,user492,2c8fe1b3864c7abae06c45c0ccb70668a78ea17e7fe3ee20cfc7c7eec500233c,M,1999-07-30
user493@example.com,user493,7b1caf873e35737be64efc766404d880becb3822fe69486ca0352aa6bc4c3498,F,1994-12-31
user494@example.com,user494,70e2d5dfa840b098e0e6fbbca9f481b68c9a3d67e050b8e141a93d98cbd9f4c6,F,1966-02-06
user495@example.com,user495,69bda49d372fbd2cadc2a8a7d67a0d8419cca5cf68d6b23419cc977a5e165c2a,F,2003-05-17
user496@example.com,user496,a434dc06f6a6396d1bbecfe3fac9b2a06c122155f97a69b403c822a8cf7793c1,M,1962-03-25
user497@example.com,user497,40162f49bb92a84e704fa82f37f934d87ac598b70ed4794840dfdcb31a2f754b,F,1980-10-06
user498@example.com,user498,baa545d999d9ccc085596f0cc2732b20e7713ebbaed45cb2b8fd0840c5cb4317,F,2000-03-18
user499@example.com,user499,d9463932b060f35b11e3dd9606dde050c0ee209ef831c1b3d6defa922a338b7c,M,1985-04-29
user500@example.com,user500,cb75d043e5c080af8c45f06ced98c0757133761f32faabddfa7b4af0e1d1adff,M,1998-07-08
